ts,rx_id,env,dist_m,tx_level,rssi_mean,adv_rate,source,exp_adv,packet_success,packet_loss_proxy,rssi_norm,qos_score,optimal_level,energy_opt
8123,rx01,indoor_open,1,L0,-66.07692,13,summary_indoor_open_1m_L0.csv,21.0,0.6190476190476191,0.38095238095238093,0.8764569696969696,0.6962704242424242,L1,0.4
8124,rx01,indoor_open,1,L0,-66.77778,9,summary_indoor_open_1m_L0.csv,21.0,0.42857142857142855,0.5714285714285714,0.8552187878787877,0.5565656363636362,L2,0.6
8132,rx01,indoor_open,1,L0,-66.88889,9,summary_indoor_open_1m_L0.csv,21.0,0.42857142857142855,0.5714285714285714,0.8518518181818181,0.5555555454545453,L2,0.6
8133,rx01,indoor_open,1,L0,-67.94445,18,summary_indoor_open_1m_L0.csv,21.0,0.8571428571428571,0.1428571428571429,0.8198651515151514,0.8459595454545454,L0,0.2
8134,rx01,indoor_open,1,L0,-67.83334,6,summary_indoor_open_1m_L0.csv,21.0,0.2857142857142857,0.7142857142857143,0.823232121212121,0.4469696363636363,L2,0.6
8142,rx01,indoor_open,1,L0,-64.91666,12,summary_indoor_open_1m_L0.csv,21.0,0.5714285714285714,0.4285714285714286,0.9116163636363639,0.6734849090909092,L1,0.4
8143,rx01,indoor_open,1,L0,-65.7619,21,summary_indoor_open_1m_L0.csv,21.0,1.0,0.0,0.8860030303030304,0.965800909090909,L0,0.2
8144,rx01,indoor_open,1,L0,-66.36364,11,summary_indoor_open_1m_L0.csv,21.0,0.5238095238095238,0.47619047619047616,0.8677684848484848,0.6269972121212121,L1,0.4
8152,rx01,indoor_open,1,L0,-66.57143,7,summary_indoor_open_1m_L0.csv,21.0,0.3333333333333333,0.6666666666666667,0.861471818181818,0.49177487878787873,L2,0.6
8153,rx01,indoor_open,1,L0,-67.45834,24,summary_indoor_open_1m_L0.csv,21.0,1.0,0.0,0.8345957575757573,0.9503787272727271,L0,0.2
8154,rx01,indoor_open,1,L0,-68.0,8,summary_indoor_open_1m_L0.csv,21.0,0.38095238095238093,0.6190476190476191,0.8181818181818182,0.5121212121212121,L2,0.6
8162,rx01,indoor_open,1,L0,-66.81818,11,summary_indoor_open_1m_L0.csv,21.0,0.5238095238095238,0.47619047619047616,0.8539945454545456,0.6228650303030303,L1,0.4
8163,rx01,indoor_open,1,L0,-66.36842,19,summary_indoor_open_1m_L0.csv,21.0,0.9047619047619048,0.09523809523809523,0.8676236363636364,0.8936204242424242,L0,0.2
8164,rx01,indoor_open,1,L0,-65.5,8,summary_indoor_open_1m_L0.csv,21.0,0.38095238095238093,0.6190476190476191,0.8939393939393939,0.5348484848484848,L2,0.6
8172,rx01,indoor_open,1,L0,-65.77778,9,summary_indoor_open_1m_L0.csv,21.0,0.42857142857142855,0.5714285714285714,0.885521818181818,0.5656565454545454,L2,0.6
8173,rx01,indoor_open,1,L0,-66.90909,22,summary_indoor_open_1m_L0.csv,21.0,1.0,0.0,0.8512396969696968,0.955371909090909,L0,0.2
8174,rx01,indoor_open,1,L0,-68.22222,9,summary_indoor_open_1m_L0.csv,21.0,0.42857142857142855,0.5714285714285714,0.811447878787879,0.5434343636363637,L2,0.6
8182,rx01,indoor_open,1,L0,-68.0,12,summary_indoor_open_1m_L0.csv,21.0,0.5714285714285714,0.4285714285714286,0.8181818181818182,0.6454545454545454,L1,0.4
8183,rx01,indoor_open,1,L0,-67.28,25,summary_indoor_open_1m_L0.csv,21.0,1.0,0.0,0.84,0.952,L0,0.2
8184,rx01,indoor_open,1,L0,-67.33334,12,summary_indoor_open_1m_L0.csv,21.0,0.5714285714285714,0.4285714285714286,0.8383836363636361,0.6515150909090908,L1,0.4
8192,rx01,indoor_open,1,L0,-68.63636,11,summary_indoor_open_1m_L0.csv,21.0,0.5238095238095238,0.47619047619047616,0.798898181818182,0.6063361212121212,L1,0.4
8193,rx01,indoor_open,1,L0,-69.38889,18,summary_indoor_open_1m_L0.csv,21.0,0.8571428571428571,0.1428571428571429,0.7760942424242423,0.8328282727272727,L0,0.2
8194,rx01,indoor_open,1,L0,-68.375,8,summary_indoor_open_1m_L0.csv,21.0,0.38095238095238093,0.6190476190476191,0.8068181818181818,0.5087121212121211,L2,0.6
8202,rx01,indoor_open,1,L0,-66.61539,13,summary_indoor_open_1m_L0.csv,21.0,0.6190476190476191,0.38095238095238093,0.8601396969696968,0.6913752424242423,L1,0.4
8203,rx01,indoor_open,1,L0,-66.5625,16,summary_indoor_open_1m_L0.csv,21.0,0.7619047619047619,0.23809523809523814,0.8617424242424242,0.7918560606060605,L0,0.2
8204,rx01,indoor_open,1,L0,-68.0,9,summary_indoor_open_1m_L0.csv,21.0,0.42857142857142855,0.5714285714285714,0.8181818181818182,0.5454545454545454,L2,0.6
8538,rx01,indoor_open,1,L1,-68.0,18,summary_indoor_open_1m_L1.csv,21.0,0.8571428571428571,0.1428571428571429,0.8181818181818182,0.8454545454545455,L0,0.2
8539,rx01,indoor_open,1,L1,-67.66666,18,summary_indoor_open_1m_L1.csv,21.0,0.8571428571428571,0.1428571428571429,0.8282830303030305,0.8484849090909091,L0,0.2
8540,rx01,indoor_open,1,L1,-66.44444,9,summary_indoor_open_1m_L1.csv,21.0,0.42857142857142855,0.5714285714285714,0.86532,0.559596,L2,0.6
8546,rx01,indoor_open,1,L1,-65.71429,7,summary_indoor_open_1m_L1.csv,21.0,0.3333333333333333,0.6666666666666667,0.8874457575757574,0.4995670606060605,L2,0.6
8547,rx01,indoor_open,1,L1,-65.57895,19,summary_indoor_open_1m_L1.csv,21.0,0.9047619047619048,0.09523809523809523,0.8915469696969696,0.9007974242424241,L0,0.2
8548,rx01,indoor_open,1,L1,-67.80952,21,summary_indoor_open_1m_L1.csv,21.0,1.0,0.0,0.8239539393939392,0.9471861818181817,L0,0.2
8549,rx01,indoor_open,1,L1,-69.9,20,summary_indoor_open_1m_L1.csv,21.0,0.9523809523809523,0.04761904761904767,0.7606060606060604,0.8948484848484848,L0,0.2
8550,rx01,indoor_open,1,L1,-68.0,12,summary_indoor_open_1m_L1.csv,21.0,0.5714285714285714,0.4285714285714286,0.8181818181818182,0.6454545454545454,L1,0.4
8556,rx01,indoor_open,1,L1,-67.85714,7,summary_indoor_open_1m_L1.csv,21.0,0.3333333333333333,0.6666666666666667,0.8225109090909091,0.48008660606060605,L2,0.6
8557,rx01,indoor_open,1,L1,-68.375,16,summary_indoor_open_1m_L1.csv,21.0,0.7619047619047619,0.23809523809523814,0.8068181818181818,0.7753787878787877,L0,0.2
8558,rx01,indoor_open,1,L1,-68.7,20,summary_indoor_open_1m_L1.csv,21.0,0.9523809523809523,0.04761904761904767,0.7969696969696969,0.9057575757575757,L0,0.2
8559,rx01,indoor_open,1,L1,-70.30435,23,summary_indoor_open_1m_L1.csv,21.0,1.0,0.0,0.7483530303030304,0.924505909090909,L0,0.2
8560,rx01,indoor_open,1,L1,-67.3,10,summary_indoor_open_1m_L1.csv,21.0,0.47619047619047616,0.5238095238095238,0.8393939393939395,0.5851515151515152,L1,0.4
8566,rx01,indoor_open,1,L1,-69.8,10,summary_indoor_open_1m_L1.csv,21.0,0.47619047619047616,0.5238095238095238,0.7636363636363637,0.5624242424242424,L2,0.6
8567,rx01,indoor_open,1,L1,-70.9,20,summary_indoor_open_1m_L1.csv,21.0,0.9523809523809523,0.04761904761904767,0.7303030303030301,0.8857575757575756,L0,0.2
8568,rx01,indoor_open,1,L1,-68.21739,23,summary_indoor_open_1m_L1.csv,21.0,1.0,0.0,0.8115942424242426,0.9434782727272727,L0,0.2
8569,rx01,indoor_open,1,L1,-68.71429,21,summary_indoor_open_1m_L1.csv,21.0,1.0,0.0,0.7965366666666664,0.9389609999999999,L0,0.2
8570,rx01,indoor_open,1,L1,-72.18182,11,summary_indoor_open_1m_L1.csv,21.0,0.5238095238095238,0.47619047619047616,0.69146,0.5741046666666666,L2,0.6
8576,rx01,indoor_open,1,L1,-68.07692,13,summary_indoor_open_1m_L1.csv,21.0,0.6190476190476191,0.38095238095238093,0.8158509090909091,0.6780886060606061,L1,0.4
8577,rx01,indoor_open,1,L1,-69.42105,19,summary_indoor_open_1m_L1.csv,21.0,0.9047619047619048,0.09523809523809523,0.7751196969696972,0.8658692424242425,L0,0.2
8578,rx01,indoor_open,1,L1,-72.18182,22,summary_indoor_open_1m_L1.csv,21.0,1.0,0.0,0.69146,0.907438,L0,0.2
8579,rx01,indoor_open,1,L1,-68.31819,22,summary_indoor_open_1m_L1.csv,21.0,1.0,0.0,0.808539696969697,0.942561909090909,L0,0.2
8580,rx01,indoor_open,1,L1,-67.1,10,summary_indoor_open_1m_L1.csv,21.0,0.47619047619047616,0.5238095238095238,0.8454545454545457,0.586969696969697,L1,0.4
8586,rx01,indoor_open,1,L1,-70.11112,9,summary_indoor_open_1m_L1.csv,21.0,0.42857142857142855,0.5714285714285714,0.7542084848484849,0.5262625454545454,L2,0.6
8587,rx01,indoor_open,1,L1,-69.75,20,summary_indoor_open_1m_L1.csv,21.0,0.9523809523809523,0.04761904761904767,0.7651515151515151,0.8962121212121211,L0,0.2
8588,rx01,indoor_open,1,L1,-70.13636,22,summary_indoor_open_1m_L1.csv,21.0,1.0,0.0,0.7534436363636364,0.9260330909090908,L0,0.2
8589,rx01,indoor_open,1,L1,-67.55001,20,summary_indoor_open_1m_L1.csv,21.0,0.9523809523809523,0.04761904761904767,0.8318178787878788,0.9162120303030303,L0,0.2
8590,rx01,indoor_open,1,L1,-68.2,10,summary_indoor_open_1m_L1.csv,21.0,0.47619047619047616,0.5238095238095238,0.812121212121212,0.5769696969696969,L2,0.6
8596,rx01,indoor_open,1,L1,-69.0,12,summary_indoor_open_1m_L1.csv,21.0,0.5714285714285714,0.4285714285714286,0.7878787878787878,0.6363636363636362,L1,0.4
8597,rx01,indoor_open,1,L1,-68.0,21,summary_indoor_open_1m_L1.csv,21.0,1.0,0.0,0.8181818181818182,0.9454545454545454,L0,0.2
8598,rx01,indoor_open,1,L1,-66.17647,17,summary_indoor_open_1m_L1.csv,21.0,0.8095238095238095,0.19047619047619047,0.8734403030303032,0.8286987575757576,L0,0.2
8599,rx01,indoor_open,1,L1,-66.45,20,summary_indoor_open_1m_L1.csv,21.0,0.9523809523809523,0.04761904761904767,0.8651515151515151,0.9262121212121212,L0,0.2
8600,rx01,indoor_open,1,L1,-66.21429,14,summary_indoor_open_1m_L1.csv,21.0,0.6666666666666666,0.33333333333333337,0.8722942424242422,0.7283549393939392,L0,0.2
8606,rx01,indoor_open,1,L1,-67.22222,9,summary_indoor_open_1m_L1.csv,21.0,0.42857142857142855,0.5714285714285714,0.8417509090909093,0.5525252727272727,L2,0.6
8607,rx01,indoor_open,1,L1,-68.94737,19,summary_indoor_open_1m_L1.csv,21.0,0.9047619047619048,0.09523809523809523,0.7894736363636362,0.8701754242424242,L0,0.2
8608,rx01,indoor_open,1,L1,-66.75,20,summary_indoor_open_1m_L1.csv,21.0,0.9523809523809523,0.04761904761904767,0.8560606060606061,0.9234848484848485,L0,0.2
8609,rx01,indoor_open,1,L1,-67.42857,21,summary_indoor_open_1m_L1.csv,21.0,1.0,0.0,0.835497878787879,0.9506493636363637,L0,0.2
8610,rx01,indoor_open,1,L1,-66.55556,9,summary_indoor_open_1m_L1.csv,21.0,0.42857142857142855,0.5714285714285714,0.8619527272727273,0.5585858181818182,L2,0.6
8616,rx01,indoor_open,1,L1,-65.6,10,summary_indoor_open_1m_L1.csv,21.0,0.47619047619047616,0.5238095238095238,0.8909090909090911,0.6006060606060606,L1,0.4
8617,rx01,indoor_open,1,L1,-68.42857,21,summary_indoor_open_1m_L1.csv,21.0,1.0,0.0,0.8051948484848487,0.9415584545454545,L0,0.2
8618,rx01,indoor_open,1,L1,-68.05264,19,summary_indoor_open_1m_L1.csv,21.0,0.9047619047619048,0.09523809523809523,0.8165866666666668,0.8783093333333334,L0,0.2
8619,rx01,indoor_open,1,L1,-67.09524,21,summary_indoor_open_1m_L1.csv,21.0,1.0,0.0,0.8455987878787877,0.9536796363636363,L0,0.2
8620,rx01,indoor_open,1,L1,-68.25,12,summary_indoor_open_1m_L1.csv,21.0,0.5714285714285714,0.4285714285714286,0.8106060606060606,0.6431818181818181,L1,0.4
8734,rx01,indoor_open,1,L2,-68.55556,9,summary_indoor_open_1m_L2.csv,21.0,0.42857142857142855,0.5714285714285714,0.8013466666666667,0.540404,L2,0.6
8735,rx01,indoor_open,1,L2,-67.3,20,summary_indoor_open_1m_L2.csv,21.0,0.9523809523809523,0.04761904761904767,0.8393939393939395,0.9184848484848485,L0,0.2
8736,rx01,indoor_open,1,L2,-67.86667,15,summary_indoor_open_1m_L2.csv,21.0,0.7142857142857143,0.2857142857142857,0.8222221212121212,0.7466666363636364,L0,0.2
8737,rx01,indoor_open,1,L2,-69.2,25,summary_indoor_open_1m_L2.csv,21.0,1.0,0.0,0.7818181818181817,0.9345454545454545,L0,0.2
8738,rx01,indoor_open,1,L2,-66.33334,12,summary_indoor_open_1m_L2.csv,21.0,0.5714285714285714,0.4285714285714286,0.8686866666666665,0.6606059999999999,L1,0.4
8742,rx01,indoor_open,1,L2,-67.375,8,summary_indoor_open_1m_L2.csv,21.0,0.38095238095238093,0.6190476190476191,0.8371212121212122,0.5178030303030303,L2,0.6
8743,rx01,indoor_open,1,L2,-67.44444,18,summary_indoor_open_1m_L2.csv,21.0,0.8571428571428571,0.1428571428571429,0.8350169696969697,0.8505050909090909,L0,0.2
8744,rx01,indoor_open,1,L2,-66.30001,20,summary_indoor_open_1m_L2.csv,21.0,0.9523809523809523,0.04761904761904767,0.8696966666666667,0.9275756666666666,L0,0.2
8745,rx01,indoor_open,1,L2,-67.5,18,summary_indoor_open_1m_L2.csv,21.0,0.8571428571428571,0.1428571428571429,0.8333333333333334,0.85,L0,0.2
8746,rx01,indoor_open,1,L2,-69.5,18,summary_indoor_open_1m_L2.csv,21.0,0.8571428571428571,0.1428571428571429,0.7727272727272727,0.8318181818181818,L0,0.2
8747,rx01,indoor_open,1,L2,-69.35295,17,summary_indoor_open_1m_L2.csv,21.0,0.8095238095238095,0.19047619047619047,0.7771833333333331,0.7998216666666665,L0,0.2
8748,rx01,indoor_open,1,L2,-69.1,10,summary_indoor_open_1m_L2.csv,21.0,0.47619047619047616,0.5238095238095238,0.784848484848485,0.5687878787878788,L2,0.6
8752,rx01,indoor_open,1,L2,-70.0,10,summary_indoor_open_1m_L2.csv,21.0,0.47619047619047616,0.5238095238095238,0.7575757575757576,0.5606060606060606,L2,0.6
8753,rx01,indoor_open,1,L2,-67.29412,17,summary_indoor_open_1m_L2.csv,21.0,0.8095238095238095,0.19047619047619047,0.839572121212121,0.818538303030303,L0,0.2
8754,rx01,indoor_open,1,L2,-69.30435,23,summary_indoor_open_1m_L2.csv,21.0,1.0,0.0,0.7786560606060606,0.9335968181818182,L0,0.2
8755,rx01,indoor_open,1,L2,-69.25,20,summary_indoor_open_1m_L2.csv,21.0,0.9523809523809523,0.04761904761904767,0.7803030303030303,0.9007575757575756,L0,0.2
8756,rx01,indoor_open,1,L2,-68.64286,14,summary_indoor_open_1m_L2.csv,21.0,0.6666666666666666,0.33333333333333337,0.7987012121212121,0.7062770303030302,L0,0.2
8757,rx01,indoor_open,1,L2,-68.82353,17,summary_indoor_open_1m_L2.csv,21.0,0.8095238095238095,0.19047619047619047,0.7932263636363635,0.8046345757575757,L0,0.2
8758,rx01,indoor_open,1,L2,-69.0,11,summary_indoor_open_1m_L2.csv,21.0,0.5238095238095238,0.47619047619047616,0.7878787878787878,0.603030303030303,L1,0.4
8762,rx01,indoor_open,1,L2,-67.0,8,summary_indoor_open_1m_L2.csv,21.0,0.38095238095238093,0.6190476190476191,0.8484848484848485,0.5212121212121211,L2,0.6
8763,rx01,indoor_open,1,L2,-66.05556,18,summary_indoor_open_1m_L2.csv,21.0,0.8571428571428571,0.1428571428571429,0.8771042424242425,0.8631312727272726,L0,0.2
8764,rx01,indoor_open,1,L2,-65.09524,21,summary_indoor_open_1m_L2.csv,21.0,1.0,0.0,0.9062048484848484,0.9718614545454545,L0,0.2
8765,rx01,indoor_open,1,L2,-66.47619,21,summary_indoor_open_1m_L2.csv,21.0,1.0,0.0,0.8643578787878787,0.9593073636363636,L0,0.2
8766,rx01,indoor_open,1,L2,-66.33334,18,summary_indoor_open_1m_L2.csv,21.0,0.8571428571428571,0.1428571428571429,0.8686866666666665,0.860606,L0,0.2
8767,rx01,indoor_open,1,L2,-66.15,20,summary_indoor_open_1m_L2.csv,21.0,0.9523809523809523,0.04761904761904767,0.874242424242424,0.9289393939393938,L0,0.2
8768,rx01,indoor_open,1,L2,-66.625,8,summary_indoor_open_1m_L2.csv,21.0,0.38095238095238093,0.6190476190476191,0.8598484848484849,0.524621212121212,L2,0.6
8772,rx01,indoor_open,1,L2,-67.81818,11,summary_indoor_open_1m_L2.csv,21.0,0.5238095238095238,0.47619047619047616,0.8236915151515152,0.6137741212121212,L1,0.4
8773,rx01,indoor_open,1,L2,-67.11765,17,summary_indoor_open_1m_L2.csv,21.0,0.8095238095238095,0.19047619047619047,0.844919696969697,0.8201425757575758,L0,0.2
8774,rx01,indoor_open,1,L2,-69.4,15,summary_indoor_open_1m_L2.csv,21.0,0.7142857142857143,0.2857142857142857,0.7757575757575755,0.7327272727272727,L0,0.2
8775,rx01,indoor_open,1,L2,-68.16667,18,summary_indoor_open_1m_L2.csv,21.0,0.8571428571428571,0.1428571428571429,0.8131312121212122,0.8439393636363637,L0,0.2
8776,rx01,indoor_open,1,L2,-67.71429,21,summary_indoor_open_1m_L2.csv,21.0,1.0,0.0,0.8268396969696968,0.948051909090909,L0,0.2
8777,rx01,indoor_open,1,L2,-68.17647,17,summary_indoor_open_1m_L2.csv,21.0,0.8095238095238095,0.19047619047619047,0.8128342424242426,0.8105169393939394,L0,0.2
8778,rx01,indoor_open,1,L2,-67.1,10,summary_indoor_open_1m_L2.csv,21.0,0.47619047619047616,0.5238095238095238,0.8454545454545457,0.586969696969697,L1,0.4
8782,rx01,indoor_open,1,L2,-69.83334,6,summary_indoor_open_1m_L2.csv,21.0,0.2857142857142857,0.7142857142857143,0.7626260606060604,0.4287878181818181,L2,0.6
8783,rx01,indoor_open,1,L2,-69.11111,18,summary_indoor_open_1m_L2.csv,21.0,0.8571428571428571,0.1428571428571429,0.7845118181818183,0.8353535454545454,L0,0.2
8784,rx01,indoor_open,1,L2,-69.44444,18,summary_indoor_open_1m_L2.csv,21.0,0.8571428571428571,0.1428571428571429,0.774410909090909,0.8323232727272727,L0,0.2
8785,rx01,indoor_open,1,L2,-67.05883,17,summary_indoor_open_1m_L2.csv,21.0,0.8095238095238095,0.19047619047619047,0.8467021212121212,0.820677303030303,L0,0.2
8786,rx01,indoor_open,1,L2,-68.3125,16,summary_indoor_open_1m_L2.csv,21.0,0.7619047619047619,0.23809523809523814,0.8087121212121212,0.7759469696969696,L0,0.2
8787,rx01,indoor_open,1,L2,-68.45,20,summary_indoor_open_1m_L2.csv,21.0,0.9523809523809523,0.04761904761904767,0.8045454545454545,0.908030303030303,L0,0.2
8788,rx01,indoor_open,1,L2,-69.6,10,summary_indoor_open_1m_L2.csv,21.0,0.47619047619047616,0.5238095238095238,0.7696969696969699,0.5642424242424242,L2,0.6
8792,rx01,indoor_open,1,L2,-64.76923,13,summary_indoor_open_1m_L2.csv,21.0,0.6190476190476191,0.38095238095238093,0.9160839393939396,0.7081585151515153,L0,0.2
8793,rx01,indoor_open,1,L2,-66.44444,18,summary_indoor_open_1m_L2.csv,21.0,0.8571428571428571,0.1428571428571429,0.86532,0.859596,L0,0.2
8794,rx01,indoor_open,1,L2,-66.72222,18,summary_indoor_open_1m_L2.csv,21.0,0.8571428571428571,0.1428571428571429,0.8569024242424245,0.8570707272727274,L0,0.2
8795,rx01,indoor_open,1,L2,-65.88,25,summary_indoor_open_1m_L2.csv,21.0,1.0,0.0,0.8824242424242426,0.9647272727272727,L0,0.2
8796,rx01,indoor_open,1,L2,-63.68421,19,summary_indoor_open_1m_L2.csv,21.0,0.9047619047619048,0.09523809523809523,0.9489633333333334,0.9180223333333333,L0,0.2
8797,rx01,indoor_open,1,L2,-65.17647,17,summary_indoor_open_1m_L2.csv,21.0,0.8095238095238095,0.19047619047619047,0.9037433333333335,0.8377896666666667,L0,0.2
8798,rx01,indoor_open,1,L2,-64.90909,11,summary_indoor_open_1m_L2.csv,21.0,0.5238095238095238,0.47619047619047616,0.9118457575757574,0.6402203939393938,L1,0.4
8802,rx01,indoor_open,1,L2,-62.77778,9,summary_indoor_open_1m_L2.csv,21.0,0.42857142857142855,0.5714285714285714,0.9764309090909091,0.5929292727272727,L1,0.4
8803,rx01,indoor_open,1,L2,-65.0625,16,summary_indoor_open_1m_L2.csv,21.0,0.7619047619047619,0.23809523809523814,0.9071969696969697,0.8054924242424242,L0,0.2
8804,rx01,indoor_open,1,L2,-63.6,20,summary_indoor_open_1m_L2.csv,21.0,0.9523809523809523,0.04761904761904767,0.9515151515151514,0.952121212121212,L0,0.2
8805,rx01,indoor_open,1,L2,-64.31579,19,summary_indoor_open_1m_L2.csv,21.0,0.9047619047619048,0.09523809523809523,0.9298245454545453,0.9122806969696968,L0,0.2
8806,rx01,indoor_open,1,L2,-64.1579,19,summary_indoor_open_1m_L2.csv,21.0,0.9047619047619048,0.09523809523809523,0.934609090909091,0.9137160606060606,L0,0.2
8807,rx01,indoor_open,1,L2,-63.72222,18,summary_indoor_open_1m_L2.csv,21.0,0.8571428571428571,0.1428571428571429,0.9478115151515152,0.8843434545454545,L0,0.2
8808,rx01,indoor_open,1,L2,-65.33334,9,summary_indoor_open_1m_L2.csv,21.0,0.42857142857142855,0.5714285714285714,0.8989896969696968,0.569696909090909,L2,0.6
8812,rx01,indoor_open,1,L2,-63.875,8,summary_indoor_open_1m_L2.csv,21.0,0.38095238095238093,0.6190476190476191,0.9431818181818182,0.5496212121212121,L2,0.6
8813,rx01,indoor_open,1,L2,-65.95652,23,summary_indoor_open_1m_L2.csv,21.0,1.0,0.0,0.8801054545454546,0.9640316363636363,L0,0.2
8814,rx01,indoor_open,1,L2,-63.72222,18,summary_indoor_open_1m_L2.csv,21.0,0.8571428571428571,0.1428571428571429,0.9478115151515152,0.8843434545454545,L0,0.2
8815,rx01,indoor_open,1,L2,-62.0,16,summary_indoor_open_1m_L2.csv,21.0,0.7619047619047619,0.23809523809523814,1.0,0.8333333333333333,L0,0.2
8816,rx01,indoor_open,1,L2,-63.78948,19,summary_indoor_open_1m_L2.csv,21.0,0.9047619047619048,0.09523809523809523,0.9457733333333334,0.9170653333333333,L0,0.2
8817,rx01,indoor_open,1,L2,-64.33334,15,summary_indoor_open_1m_L2.csv,21.0,0.7142857142857143,0.2857142857142857,0.929292727272727,0.7787878181818181,L0,0.2
8818,rx01,indoor_open,1,L2,-64.09091,11,summary_indoor_open_1m_L2.csv,21.0,0.5238095238095238,0.47619047619047616,0.9366390909090911,0.647658393939394,L1,0.4
11895,rx01,indoor_open,5,L0,-89.75,4,summary_indoor_open_3m_L0.csv,15.0,0.26666666666666666,0.7333333333333334,0.1590909090909091,0.23439393939393938,L2,0.6
11896,rx01,indoor_open,5,L0,-90.85714,7,summary_indoor_open_3m_L0.csv,15.0,0.4666666666666667,0.5333333333333333,0.12554121212121208,0.36432903030303027,L2,0.6
11897,rx01,indoor_open,5,L0,-87.25,4,summary_indoor_open_3m_L0.csv,15.0,0.26666666666666666,0.7333333333333334,0.23484848484848486,0.2571212121212121,L2,0.6
11898,rx01,indoor_open,5,L0,-94.5,2,summary_indoor_open_3m_L0.csv,15.0,0.13333333333333333,0.8666666666666667,0.015151515151515152,0.09787878787878787,L2,0.6
11899,rx01,indoor_open,5,L0,-89.00001,1,summary_indoor_open_3m_L0.csv,15.0,0.06666666666666667,0.9333333333333333,0.1818178787878787,0.10121203030303028,L2,0.6
11900,rx01,indoor_open,5,L0,-91.75,4,summary_indoor_open_3m_L0.csv,15.0,0.26666666666666666,0.7333333333333334,0.09848484848484848,0.2162121212121212,L2,0.6
11901,rx01,indoor_open,5,L0,-90.66667,3,summary_indoor_open_3m_L0.csv,15.0,0.2,0.8,0.1313130303030304,0.1793939090909091,L2,0.6
11902,rx01,indoor_open,5,L0,-90.25001,4,summary_indoor_open_3m_L0.csv,15.0,0.26666666666666666,0.7333333333333334,0.14393909090909082,0.22984839393939388,L2,0.6
11904,rx01,indoor_open,5,L0,-94.00001,2,summary_indoor_open_3m_L0.csv,15.0,0.13333333333333333,0.8666666666666667,0.030302727272727176,0.10242415151515148,L2,0.6
11905,rx01,indoor_open,5,L0,-92.0,2,summary_indoor_open_3m_L0.csv,15.0,0.13333333333333333,0.8666666666666667,0.09090909090909091,0.12060606060606059,L2,0.6
11907,rx01,indoor_open,5,L0,-95.0,2,summary_indoor_open_3m_L0.csv,15.0,0.13333333333333333,0.8666666666666667,0.0,0.09333333333333332,L2,0.6
11908,rx01,indoor_open,5,L0,-93.0,2,summary_indoor_open_3m_L0.csv,15.0,0.13333333333333333,0.8666666666666667,0.06060606060606061,0.11151515151515151,L2,0.6
11909,rx01,indoor_open,5,L0,-93.5,2,summary_indoor_open_3m_L0.csv,15.0,0.13333333333333333,0.8666666666666667,0.045454545454545456,0.10696969696969696,L2,0.6
11911,rx01,indoor_open,5,L0,-92.0,1,summary_indoor_open_3m_L0.csv,15.0,0.06666666666666667,0.9333333333333333,0.09090909090909091,0.07393939393939393,L2,0.6
11912,rx01,indoor_open,5,L0,-91.0,1,summary_indoor_open_3m_L0.csv,15.0,0.06666666666666667,0.9333333333333333,0.12121212121212122,0.08303030303030302,L2,0.6
11913,rx01,indoor_open,5,L0,-93.0,1,summary_indoor_open_3m_L0.csv,15.0,0.06666666666666667,0.9333333333333333,0.06060606060606061,0.06484848484848485,L2,0.6
11914,rx01,indoor_open,5,L0,-94.00001,2,summary_indoor_open_3m_L0.csv,15.0,0.13333333333333333,0.8666666666666667,0.030302727272727176,0.10242415151515148,L2,0.6
11916,rx01,indoor_open,5,L0,-90.75,4,summary_indoor_open_3m_L0.csv,15.0,0.26666666666666666,0.7333333333333334,0.12878787878787878,0.22530303030303028,L2,0.6
11917,rx01,indoor_open,5,L0,-91.0,2,summary_indoor_open_3m_L0.csv,15.0,0.13333333333333333,0.8666666666666667,0.12121212121212122,0.1296969696969697,L2,0.6
11918,rx01,indoor_open,5,L0,-90.0,5,summary_indoor_open_3m_L0.csv,15.0,0.3333333333333333,0.6666666666666667,0.15151515151515152,0.27878787878787875,L2,0.6
11919,rx01,indoor_open,5,L0,-90.6,5,summary_indoor_open_3m_L0.csv,15.0,0.3333333333333333,0.6666666666666667,0.1333333333333335,0.2733333333333334,L2,0.6
11920,rx01,indoor_open,5,L0,-92.0,2,summary_indoor_open_3m_L0.csv,15.0,0.13333333333333333,0.8666666666666667,0.09090909090909091,0.12060606060606059,L2,0.6
11921,rx01,indoor_open,5,L0,-95.0,1,summary_indoor_open_3m_L0.csv,15.0,0.06666666666666667,0.9333333333333333,0.0,0.04666666666666666,L2,0.6
11922,rx01,indoor_open,5,L0,-88.0,1,summary_indoor_open_3m_L0.csv,15.0,0.06666666666666667,0.9333333333333333,0.21212121212121213,0.11030303030303029,L2,0.6
11923,rx01,indoor_open,5,L0,-90.16666,6,summary_indoor_open_3m_L0.csv,15.0,0.4,0.6,0.1464648484848487,0.3239394545454546,L2,0.6
11924,rx01,indoor_open,5,L0,-89.5,4,summary_indoor_open_3m_L0.csv,15.0,0.26666666666666666,0.7333333333333334,0.16666666666666666,0.23666666666666664,L2,0.6
11925,rx01,indoor_open,5,L0,-91.0,2,summary_indoor_open_3m_L0.csv,15.0,0.13333333333333333,0.8666666666666667,0.12121212121212122,0.1296969696969697,L2,0.6
11926,rx01,indoor_open,5,L0,-91.0,3,summary_indoor_open_3m_L0.csv,15.0,0.2,0.8,0.12121212121212122,0.17636363636363633,L2,0.6
11927,rx01,indoor_open,5,L0,-92.0,4,summary_indoor_open_3m_L0.csv,15.0,0.26666666666666666,0.7333333333333334,0.09090909090909091,0.21393939393939393,L2,0.6
11928,rx01,indoor_open,5,L0,-89.00001,1,summary_indoor_open_3m_L0.csv,15.0,0.06666666666666667,0.9333333333333333,0.1818178787878787,0.10121203030303028,L2,0.6
11929,rx01,indoor_open,5,L0,-91.42858,7,summary_indoor_open_3m_L0.csv,15.0,0.4666666666666667,0.5333333333333333,0.10822484848484859,0.35913412121212124,L2,0.6
11930,rx01,indoor_open,5,L0,-90.33334,3,summary_indoor_open_3m_L0.csv,15.0,0.2,0.8,0.14141393939393918,0.18242418181818174,L2,0.6
11931,rx01,indoor_open,5,L0,-90.4,5,summary_indoor_open_3m_L0.csv,15.0,0.3333333333333333,0.6666666666666667,0.1393939393939392,0.2751515151515151,L2,0.6
11932,rx01,indoor_open,5,L0,-92.25,4,summary_indoor_open_3m_L0.csv,15.0,0.26666666666666666,0.7333333333333334,0.08333333333333333,0.21166666666666664,L2,0.6
11933,rx01,indoor_open,5,L0,-89.8,5,summary_indoor_open_3m_L0.csv,15.0,0.3333333333333333,0.6666666666666667,0.15757575757575767,0.28060606060606064,L2,0.6
11934,rx01,indoor_open,5,L0,-90.80001,5,summary_indoor_open_3m_L0.csv,15.0,0.3333333333333333,0.6666666666666667,0.12727242424242424,0.27151506060606057,L2,0.6
11935,rx01,indoor_open,5,L0,-91.50001,2,summary_indoor_open_3m_L0.csv,15.0,0.13333333333333333,0.8666666666666667,0.10606030303030294,0.1251514242424242,L2,0.6
11936,rx01,indoor_open,5,L0,-89.5,4,summary_indoor_open_3m_L0.csv,15.0,0.26666666666666666,0.7333333333333334,0.16666666666666666,0.23666666666666664,L2,0.6
11937,rx01,indoor_open,5,L0,-91.66667,3,summary_indoor_open_3m_L0.csv,15.0,0.2,0.8,0.10101000000000011,0.170303,L2,0.6
11938,rx01,indoor_open,5,L0,-91.66667,6,summary_indoor_open_3m_L0.csv,15.0,0.4,0.6,0.10101000000000011,0.310303,L2,0.6
11939,rx01,indoor_open,5,L0,-92.0,7,summary_indoor_open_3m_L0.csv,15.0,0.4666666666666667,0.5333333333333333,0.09090909090909091,0.35393939393939394,L2,0.6
11940,rx01,indoor_open,5,L0,-93.0,3,summary_indoor_open_3m_L0.csv,15.0,0.2,0.8,0.06060606060606061,0.15818181818181817,L2,0.6
11942,rx01,indoor_open,5,L0,-93.0,2,summary_indoor_open_3m_L0.csv,15.0,0.13333333333333333,0.8666666666666667,0.06060606060606061,0.11151515151515151,L2,0.6
11943,rx01,indoor_open,5,L0,-92.0,2,summary_indoor_open_3m_L0.csv,15.0,0.13333333333333333,0.8666666666666667,0.09090909090909091,0.12060606060606059,L2,0.6
11944,rx01,indoor_open,5,L0,-92.66666,3,summary_indoor_open_3m_L0.csv,15.0,0.2,0.8,0.07070727272727294,0.16121218181818187,L2,0.6
11945,rx01,indoor_open,5,L0,-92.0,2,summary_indoor_open_3m_L0.csv,15.0,0.13333333333333333,0.8666666666666667,0.09090909090909091,0.12060606060606059,L2,0.6
11946,rx01,indoor_open,5,L0,-90.0,1,summary_indoor_open_3m_L0.csv,15.0,0.06666666666666667,0.9333333333333333,0.15151515151515152,0.09212121212121212,L2,0.6
11947,rx01,indoor_open,5,L0,-90.5,4,summary_indoor_open_3m_L0.csv,15.0,0.26666666666666666,0.7333333333333334,0.13636363636363635,0.22757575757575754,L2,0.6
11948,rx01,indoor_open,5,L0,-91.50001,4,summary_indoor_open_3m_L0.csv,15.0,0.26666666666666666,0.7333333333333334,0.10606030303030294,0.21848475757575753,L2,0.6
11949,rx01,indoor_open,5,L0,-89.5,2,summary_indoor_open_3m_L0.csv,15.0,0.13333333333333333,0.8666666666666667,0.16666666666666666,0.1433333333333333,L2,0.6
11950,rx01,indoor_open,5,L0,-88.5,2,summary_indoor_open_3m_L0.csv,15.0,0.13333333333333333,0.8666666666666667,0.19696969696969696,0.1524242424242424,L2,0.6
11951,rx01,indoor_open,5,L0,-89.00001,1,summary_indoor_open_3m_L0.csv,15.0,0.06666666666666667,0.9333333333333333,0.1818178787878787,0.10121203030303028,L2,0.6
11952,rx01,indoor_open,5,L0,-90.0,3,summary_indoor_open_3m_L0.csv,15.0,0.2,0.8,0.15151515151515152,0.18545454545454543,L2,0.6
11953,rx01,indoor_open,5,L0,-89.75,4,summary_indoor_open_3m_L0.csv,15.0,0.26666666666666666,0.7333333333333334,0.1590909090909091,0.23439393939393938,L2,0.6
11954,rx01,indoor_open,5,L0,-90.0,4,summary_indoor_open_3m_L0.csv,15.0,0.26666666666666666,0.7333333333333334,0.15151515151515152,0.23212121212121212,L2,0.6
11955,rx01,indoor_open,5,L0,-90.4,5,summary_indoor_open_3m_L0.csv,15.0,0.3333333333333333,0.6666666666666667,0.1393939393939392,0.2751515151515151,L2,0.6
11956,rx01,indoor_open,5,L0,-91.50001,2,summary_indoor_open_3m_L0.csv,15.0,0.13333333333333333,0.8666666666666667,0.10606030303030294,0.1251514242424242,L2,0.6
11957,rx01,indoor_open,5,L0,-92.0,3,summary_indoor_open_3m_L0.csv,15.0,0.2,0.8,0.09090909090909091,0.16727272727272727,L2,0.6
11958,rx01,indoor_open,5,L0,-90.25001,4,summary_indoor_open_3m_L0.csv,15.0,0.26666666666666666,0.7333333333333334,0.14393909090909082,0.22984839393939388,L2,0.6
11959,rx01,indoor_open,5,L0,-89.75,4,summary_indoor_open_3m_L0.csv,15.0,0.26666666666666666,0.7333333333333334,0.1590909090909091,0.23439393939393938,L2,0.6
11960,rx01,indoor_open,5,L0,-91.66667,3,summary_indoor_open_3m_L0.csv,15.0,0.2,0.8,0.10101000000000011,0.170303,L2,0.6
11961,rx01,indoor_open,5,L0,-91.0,3,summary_indoor_open_3m_L0.csv,15.0,0.2,0.8,0.12121212121212122,0.17636363636363633,L2,0.6
11962,rx01,indoor_open,5,L0,-89.5,2,summary_indoor_open_3m_L0.csv,15.0,0.13333333333333333,0.8666666666666667,0.16666666666666666,0.1433333333333333,L2,0.6
11963,rx01,indoor_open,5,L0,-93.0,3,summary_indoor_open_3m_L0.csv,15.0,0.2,0.8,0.06060606060606061,0.15818181818181817,L2,0.6
11964,rx01,indoor_open,5,L0,-92.0,2,summary_indoor_open_3m_L0.csv,15.0,0.13333333333333333,0.8666666666666667,0.09090909090909091,0.12060606060606059,L2,0.6
11965,rx01,indoor_open,5,L0,-93.0,1,summary_indoor_open_3m_L0.csv,15.0,0.06666666666666667,0.9333333333333333,0.06060606060606061,0.06484848484848485,L2,0.6
11966,rx01,indoor_open,5,L0,-92.0,4,summary_indoor_open_3m_L0.csv,15.0,0.26666666666666666,0.7333333333333334,0.09090909090909091,0.21393939393939393,L2,0.6
11967,rx01,indoor_open,5,L0,-91.0,1,summary_indoor_open_3m_L0.csv,15.0,0.06666666666666667,0.9333333333333333,0.12121212121212122,0.08303030303030302,L2,0.6
11968,rx01,indoor_open,5,L0,-92.0,2,summary_indoor_open_3m_L0.csv,15.0,0.13333333333333333,0.8666666666666667,0.09090909090909091,0.12060606060606059,L2,0.6
11969,rx01,indoor_open,5,L0,-92.0,5,summary_indoor_open_3m_L0.csv,15.0,0.3333333333333333,0.6666666666666667,0.09090909090909091,0.26060606060606056,L2,0.6
11970,rx01,indoor_open,5,L0,-90.80001,5,summary_indoor_open_3m_L0.csv,15.0,0.3333333333333333,0.6666666666666667,0.12727242424242424,0.27151506060606057,L2,0.6
11971,rx01,indoor_open,5,L0,-93.0,3,summary_indoor_open_3m_L0.csv,15.0,0.2,0.8,0.06060606060606061,0.15818181818181817,L2,0.6
11972,rx01,indoor_open,5,L0,-93.0,2,summary_indoor_open_3m_L0.csv,15.0,0.13333333333333333,0.8666666666666667,0.06060606060606061,0.11151515151515151,L2,0.6
11973,rx01,indoor_open,5,L0,-92.0,1,summary_indoor_open_3m_L0.csv,15.0,0.06666666666666667,0.9333333333333333,0.09090909090909091,0.07393939393939393,L2,0.6
11974,rx01,indoor_open,5,L0,-92.33334,3,summary_indoor_open_3m_L0.csv,15.0,0.2,0.8,0.08080787878787858,0.16424236363636355,L2,0.6
11975,rx01,indoor_open,5,L0,-92.5,2,summary_indoor_open_3m_L0.csv,15.0,0.13333333333333333,0.8666666666666667,0.07575757575757576,0.11606060606060606,L2,0.6
11976,rx01,indoor_open,5,L0,-91.33334,3,summary_indoor_open_3m_L0.csv,15.0,0.2,0.8,0.11111090909090889,0.17333327272727264,L2,0.6
11978,rx01,indoor_open,5,L0,-92.40001,5,summary_indoor_open_3m_L0.csv,15.0,0.3333333333333333,0.6666666666666667,0.07878757575757592,0.2569696060606061,L2,0.6
9303,rx01,indoor_open,3,L1,-67.0,2,summary_indoor_open_3m_L1.csv,21.9,0.09132420091324202,0.908675799086758,0.8484848484848485,0.3184723951847239,L2,0.6
9304,rx01,indoor_open,3,L1,-67.0,17,summary_indoor_open_3m_L1.csv,21.9,0.7762557077625571,0.22374429223744285,0.8484848484848485,0.7979244499792445,L0,0.2
9305,rx01,indoor_open,3,L1,-68.3913,23,summary_indoor_open_3m_L1.csv,21.9,1.0,0.0,0.8063242424242424,0.9418972727272726,L0,0.2
9306,rx01,indoor_open,3,L1,-68.875,8,summary_indoor_open_3m_L1.csv,21.9,0.36529680365296807,0.634703196347032,0.7916666666666666,0.4932077625570776,L2,0.6
9312,rx01,indoor_open,3,L1,-67.44444,9,summary_indoor_open_3m_L1.csv,21.9,0.4109589041095891,0.5890410958904109,0.8350169696969697,0.5381763237858033,L2,0.6
9313,rx01,indoor_open,3,L1,-68.75,16,summary_indoor_open_3m_L1.csv,21.9,0.7305936073059361,0.26940639269406386,0.7954545454545454,0.7500518887505189,L0,0.2
9314,rx01,indoor_open,3,L1,-67.625,16,summary_indoor_open_3m_L1.csv,21.9,0.7305936073059361,0.26940639269406386,0.8295454545454546,0.7602791614777916,L0,0.2
9315,rx01,indoor_open,3,L1,-68.35,20,summary_indoor_open_3m_L1.csv,21.9,0.9132420091324202,0.08675799086757985,0.8075757575757577,0.8815421336654213,L0,0.2
9316,rx01,indoor_open,3,L1,-69.42857,7,summary_indoor_open_3m_L1.csv,21.9,0.31963470319634707,0.6803652968036529,0.7748918181818184,0.4562118376919885,L2,0.6
9322,rx01,indoor_open,3,L1,-68.18182,11,summary_indoor_open_3m_L1.csv,21.9,0.5022831050228311,0.49771689497716887,0.8126721212121212,0.595399809879618,L1,0.4
9323,rx01,indoor_open,3,L1,-67.42857,21,summary_indoor_open_3m_L1.csv,21.9,0.9589041095890412,0.041095890410958846,0.835497878787879,0.9218822403486925,L0,0.2
9324,rx01,indoor_open,3,L1,-67.625,16,summary_indoor_open_3m_L1.csv,21.9,0.7305936073059361,0.26940639269406386,0.8295454545454546,0.7602791614777916,L0,0.2
9325,rx01,indoor_open,3,L1,-66.94444,18,summary_indoor_open_3m_L1.csv,21.9,0.8219178082191781,0.17808219178082185,0.8501684848484848,0.83039301120797,L0,0.2
9326,rx01,indoor_open,3,L1,-68.36364,11,summary_indoor_open_3m_L1.csv,21.9,0.5022831050228311,0.49771689497716887,0.8071624242424241,0.5937469007887091,L1,0.4
9332,rx01,indoor_open,3,L1,-68.45455,11,summary_indoor_open_3m_L1.csv,21.9,0.5022831050228311,0.49771689497716887,0.8044075757575758,0.5929204462432545,L1,0.4
9333,rx01,indoor_open,3,L1,-68.81818,22,summary_indoor_open_3m_L1.csv,21.9,1.0,0.0,0.7933884848484849,0.9380165454545454,L0,0.2
9334,rx01,indoor_open,3,L1,-69.83334,18,summary_indoor_open_3m_L1.csv,21.9,0.8219178082191781,0.17808219178082185,0.7626260606060604,0.8041302839352428,L0,0.2
9335,rx01,indoor_open,3,L1,-71.07692,13,summary_indoor_open_3m_L1.csv,21.9,0.5936073059360731,0.40639269406392686,0.7249418181818181,0.6330076596097967,L1,0.4
9336,rx01,indoor_open,3,L1,-72.375,8,summary_indoor_open_3m_L1.csv,21.9,0.36529680365296807,0.634703196347032,0.6856060606060606,0.4613895807388958,L2,0.6
9342,rx01,indoor_open,3,L1,-74.18182,11,summary_indoor_open_3m_L1.csv,21.9,0.5022831050228311,0.49771689497716887,0.6308539393939393,0.5408543553341636,L2,0.6
9343,rx01,indoor_open,3,L1,-69.5,16,summary_indoor_open_3m_L1.csv,21.9,0.7305936073059361,0.26940639269406386,0.7727272727272727,0.743233706932337,L0,0.2
9344,rx01,indoor_open,3,L1,-68.89474,19,summary_indoor_open_3m_L1.csv,21.9,0.8675799086757991,0.13242009132420085,0.7910684848484849,0.8446264815276048,L0,0.2
9345,rx01,indoor_open,3,L1,-69.75,16,summary_indoor_open_3m_L1.csv,21.9,0.7305936073059361,0.26940639269406386,0.7651515151515151,0.7409609796596097,L0,0.2
9346,rx01,indoor_open,3,L1,-68.14286,7,summary_indoor_open_3m_L1.csv,21.9,0.31963470319634707,0.6803652968036529,0.8138527272727273,0.4679001104192611,L2,0.6
9352,rx01,indoor_open,3,L1,-68.6,10,summary_indoor_open_3m_L1.csv,21.9,0.4566210045662101,0.54337899543379,0.8000000000000002,0.5596347031963471,L2,0.6
9353,rx01,indoor_open,3,L1,-71.0,17,summary_indoor_open_3m_L1.csv,21.9,0.7762557077625571,0.22374429223744285,0.7272727272727273,0.7615608136156081,L0,0.2
9354,rx01,indoor_open,3,L1,-70.18182,22,summary_indoor_open_3m_L1.csv,21.9,1.0,0.0,0.7520660606060605,0.925619818181818,L0,0.2
9355,rx01,indoor_open,3,L1,-69.72222,18,summary_indoor_open_3m_L1.csv,21.9,0.8219178082191781,0.17808219178082185,0.7659933333333335,0.8051404657534247,L0,0.2
9356,rx01,indoor_open,3,L1,-69.75,8,summary_indoor_open_3m_L1.csv,21.9,0.36529680365296807,0.634703196347032,0.7651515151515151,0.4852532171025321,L2,0.6
9362,rx01,indoor_open,3,L1,-71.0,10,summary_indoor_open_3m_L1.csv,21.9,0.4566210045662101,0.54337899543379,0.7272727272727273,0.5378165213781652,L2,0.6
9363,rx01,indoor_open,3,L1,-69.52631,19,summary_indoor_open_3m_L1.csv,21.9,0.8675799086757991,0.13242009132420085,0.7719300000000001,0.8388849360730595,L0,0.2
9364,rx01,indoor_open,3,L1,-70.05264,19,summary_indoor_open_3m_L1.csv,21.9,0.8675799086757991,0.13242009132420085,0.7559806060606061,0.8341001178912413,L0,0.2
9365,rx01,indoor_open,3,L1,-70.58824,17,summary_indoor_open_3m_L1.csv,21.9,0.7762557077625571,0.22374429223744285,0.7397503030303031,0.7653040863428809,L0,0.2
9366,rx01,indoor_open,3,L1,-72.33334,9,summary_indoor_open_3m_L1.csv,21.9,0.4109589041095891,0.5890410958904109,0.6868684848484846,0.4937317783312577,L2,0.6
9372,rx01,indoor_open,3,L1,-70.0,8,summary_indoor_open_3m_L1.csv,21.9,0.36529680365296807,0.634703196347032,0.7575757575757576,0.4829804898298049,L2,0.6
9373,rx01,indoor_open,3,L1,-72.15,20,summary_indoor_open_3m_L1.csv,21.9,0.9132420091324202,0.08675799086757985,0.6924242424242423,0.8469966791199667,L0,0.2
9374,rx01,indoor_open,3,L1,-67.625,16,summary_indoor_open_3m_L1.csv,21.9,0.7305936073059361,0.26940639269406386,0.8295454545454546,0.7602791614777916,L0,0.2
9375,rx01,indoor_open,3,L1,-67.875,16,summary_indoor_open_3m_L1.csv,21.9,0.7305936073059361,0.26940639269406386,0.821969696969697,0.7580064342050643,L0,0.2
9376,rx01,indoor_open,3,L1,-69.0,8,summary_indoor_open_3m_L1.csv,21.9,0.36529680365296807,0.634703196347032,0.7878787878787878,0.49207139892071394,L2,0.6
9382,rx01,indoor_open,3,L1,-68.5,10,summary_indoor_open_3m_L1.csv,21.9,0.4566210045662101,0.54337899543379,0.803030303030303,0.5605437941054379,L2,0.6
9383,rx01,indoor_open,3,L1,-69.2,15,summary_indoor_open_3m_L1.csv,21.9,0.6849315068493151,0.31506849315068486,0.7818181818181817,0.7139975093399751,L0,0.2
9384,rx01,indoor_open,3,L1,-69.19048,21,summary_indoor_open_3m_L1.csv,21.9,0.9589041095890412,0.041095890410958846,0.7821066666666668,0.9058648767123288,L0,0.2
9385,rx01,indoor_open,3,L1,-69.46154,13,summary_indoor_open_3m_L1.csv,21.9,0.5936073059360731,0.40639269406392686,0.7738927272727273,0.6476929323370694,L1,0.4
9386,rx01,indoor_open,3,L1,-70.77778,9,summary_indoor_open_3m_L1.csv,21.9,0.4109589041095891,0.5890410958904109,0.7340066666666665,0.5078732328767123,L2,0.6
9460,rx01,indoor_open,3,L2,-72.25,8,summary_indoor_open_3m_L2.csv,21.9,0.36529680365296807,0.634703196347032,0.6893939393939394,0.4625259443752594,L2,0.6
9461,rx01,indoor_open,3,L2,-70.77273,22,summary_indoor_open_3m_L2.csv,21.9,1.0,0.0,0.7341596969696971,0.920247909090909,L0,0.2
9462,rx01,indoor_open,3,L2,-70.25,16,summary_indoor_open_3m_L2.csv,21.9,0.7305936073059361,0.26940639269406386,0.75,0.7364155251141552,L0,0.2
9463,rx01,indoor_open,3,L2,-69.23529,17,summary_indoor_open_3m_L2.csv,21.9,0.7762557077625571,0.22374429223744285,0.7807487878787877,0.7776036317974262,L0,0.2
9464,rx01,indoor_open,3,L2,-69.42857,21,summary_indoor_open_3m_L2.csv,21.9,0.9589041095890412,0.041095890410958846,0.7748918181818184,0.9037004221668743,L0,0.2
9465,rx01,indoor_open,3,L2,-68.83334,12,summary_indoor_open_3m_L2.csv,21.9,0.5479452054794521,0.45205479452054786,0.7929290909090907,0.6214403711083436,L1,0.4
9469,rx01,indoor_open,3,L2,-69.375,8,summary_indoor_open_3m_L2.csv,21.9,0.36529680365296807,0.634703196347032,0.7765151515151515,0.488662308011623,L2,0.6
9470,rx01,indoor_open,3,L2,-67.90909,22,summary_indoor_open_3m_L2.csv,21.9,1.0,0.0,0.8209366666666664,0.9462809999999999,L0,0.2
9471,rx01,indoor_open,3,L2,-68.38889,18,summary_indoor_open_3m_L2.csv,21.9,0.8219178082191781,0.17808219178082185,0.8063972727272726,0.8172616475716064,L0,0.2
9472,rx01,indoor_open,3,L2,-68.78948,19,summary_indoor_open_3m_L2.csv,21.9,0.8675799086757991,0.13242009132420085,0.7942581818181819,0.845583390618514,L0,0.2
9473,rx01,indoor_open,3,L2,-67.88888,18,summary_indoor_open_3m_L2.csv,21.9,0.8219178082191781,0.17808219178082185,0.8215490909090909,0.8218071930261519,L0,0.2
9474,rx01,indoor_open,3,L2,-68.05,20,summary_indoor_open_3m_L2.csv,21.9,0.9132420091324202,0.08675799086757985,0.8166666666666668,0.884269406392694,L0,0.2
9475,rx01,indoor_open,3,L2,-67.0,9,summary_indoor_open_3m_L2.csv,21.9,0.4109589041095891,0.5890410958904109,0.8484848484848485,0.5422166874221668,L2,0.6
9479,rx01,indoor_open,3,L2,-67.83334,6,summary_indoor_open_3m_L2.csv,21.9,0.27397260273972607,0.726027397260274,0.823232121212121,0.43875045828144454,L2,0.6
9480,rx01,indoor_open,3,L2,-67.35714,14,summary_indoor_open_3m_L2.csv,21.9,0.6392694063926941,0.36073059360730586,0.8376624242424242,0.6987873117476131,L1,0.4
9481,rx01,indoor_open,3,L2,-68.33333,18,summary_indoor_open_3m_L2.csv,21.9,0.8219178082191781,0.17808219178082185,0.808080909090909,0.8177667384806973,L0,0.2
9482,rx01,indoor_open,3,L2,-68.07143,14,summary_indoor_open_3m_L2.csv,21.9,0.6392694063926941,0.36073059360730586,0.8160172727272725,0.6922937662930676,L1,0.4
9483,rx01,indoor_open,3,L2,-69.38095,21,summary_indoor_open_3m_L2.csv,21.9,0.9589041095890412,0.041095890410958846,0.7763348484848486,0.9041333312577833,L0,0.2
9484,rx01,indoor_open,3,L2,-69.35295,17,summary_indoor_open_3m_L2.csv,21.9,0.7762557077625571,0.22374429223744285,0.7771833333333331,0.7765339954337899,L0,0.2
9485,rx01,indoor_open,3,L2,-69.3,10,summary_indoor_open_3m_L2.csv,21.9,0.4566210045662101,0.54337899543379,0.7787878787878789,0.5532710668327107,L2,0.6
9489,rx01,indoor_open,3,L2,-68.5,8,summary_indoor_open_3m_L2.csv,21.9,0.36529680365296807,0.634703196347032,0.803030303030303,0.49661685346616846,L2,0.6
9490,rx01,indoor_open,3,L2,-67.52941,17,summary_indoor_open_3m_L2.csv,21.9,0.7762557077625571,0.22374429223744285,0.8324421212121212,0.7931116317974263,L0,0.2
9491,rx01,indoor_open,3,L2,-67.05,20,summary_indoor_open_3m_L2.csv,21.9,0.9132420091324202,0.08675799086757985,0.846969696969697,0.8933603154836032,L0,0.2
9492,rx01,indoor_open,3,L2,-67.73333,15,summary_indoor_open_3m_L2.csv,21.9,0.6849315068493151,0.31506849315068486,0.8262627272727274,0.7273308729763388,L0,0.2
9493,rx01,indoor_open,3,L2,-68.04762,21,summary_indoor_open_3m_L2.csv,21.9,0.9589041095890412,0.041095890410958846,0.8167387878787881,0.9162545130759652,L0,0.2
9494,rx01,indoor_open,3,L2,-68.5,22,summary_indoor_open_3m_L2.csv,21.9,1.0,0.0,0.803030303030303,0.9409090909090908,L0,0.2
9495,rx01,indoor_open,3,L2,-69.625,8,summary_indoor_open_3m_L2.csv,21.9,0.36529680365296807,0.634703196347032,0.7689393939393939,0.48638958073889577,L2,0.6
9499,rx01,indoor_open,3,L2,-69.0,6,summary_indoor_open_3m_L2.csv,21.9,0.27397260273972607,0.726027397260274,0.7878787878787878,0.42814445828144454,L2,0.6
9500,rx01,indoor_open,3,L2,-67.61112,18,summary_indoor_open_3m_L2.csv,21.9,0.8219178082191781,0.17808219178082185,0.8299660606060606,0.8243322839352428,L0,0.2
9501,rx01,indoor_open,3,L2,-68.04348,23,summary_indoor_open_3m_L2.csv,21.9,1.0,0.0,0.8168642424242424,0.9450592727272726,L0,0.2
9502,rx01,indoor_open,3,L2,-67.7619,21,summary_indoor_open_3m_L2.csv,21.9,0.9589041095890412,0.041095890410958846,0.8253969696969697,0.9188519676214197,L0,0.2
9503,rx01,indoor_open,3,L2,-67.77273,22,summary_indoor_open_3m_L2.csv,21.9,1.0,0.0,0.825068787878788,0.9475206363636364,L0,0.2
9504,rx01,indoor_open,3,L2,-68.27273,22,summary_indoor_open_3m_L2.csv,21.9,1.0,0.0,0.8099172727272729,0.9429751818181817,L0,0.2
9505,rx01,indoor_open,3,L2,-68.23077,13,summary_indoor_open_3m_L2.csv,21.9,0.5936073059360731,0.40639269406392686,0.8111887878787877,0.6588817505188875,L1,0.4
9509,rx01,indoor_open,3,L2,-70.09091,11,summary_indoor_open_3m_L2.csv,21.9,0.5022831050228311,0.49771689497716887,0.7548209090909093,0.5780444462432546,L2,0.6
9510,rx01,indoor_open,3,L2,-68.94444,18,summary_indoor_open_3m_L2.csv,21.9,0.8219178082191781,0.17808219178082185,0.7895624242424243,0.812211193026152,L0,0.2
9511,rx01,indoor_open,3,L2,-68.44444,18,summary_indoor_open_3m_L2.csv,21.9,0.8219178082191781,0.17808219178082185,0.8047139393939394,0.8167566475716064,L0,0.2
9512,rx01,indoor_open,3,L2,-68.52941,17,summary_indoor_open_3m_L2.csv,21.9,0.7762557077625571,0.22374429223744285,0.802139090909091,0.7840207227065172,L0,0.2
9513,rx01,indoor_open,3,L2,-68.16667,18,summary_indoor_open_3m_L2.csv,21.9,0.8219178082191781,0.17808219178082185,0.8131312121212122,0.8192818293897883,L0,0.2
9514,rx01,indoor_open,3,L2,-68.0,17,summary_indoor_open_3m_L2.csv,21.9,0.7762557077625571,0.22374429223744285,0.8181818181818182,0.7888335408883355,L0,0.2
9515,rx01,indoor_open,3,L2,-67.55556,9,summary_indoor_open_3m_L2.csv,21.9,0.4109589041095891,0.5890410958904109,0.8316496969696969,0.5371661419676214,L2,0.6
9519,rx01,indoor_open,3,L2,-68.55556,9,summary_indoor_open_3m_L2.csv,21.9,0.4109589041095891,0.5890410958904109,0.8013466666666667,0.5280752328767123,L2,0.6
9520,rx01,indoor_open,3,L2,-68.0,20,summary_indoor_open_3m_L2.csv,21.9,0.9132420091324202,0.08675799086757985,0.8181818181818182,0.8847239518472395,L0,0.2
9521,rx01,indoor_open,3,L2,-68.57895,19,summary_indoor_open_3m_L2.csv,21.9,0.8675799086757991,0.13242009132420085,0.8006378787878786,0.847497299709423,L0,0.2
9522,rx01,indoor_open,3,L2,-68.0,17,summary_indoor_open_3m_L2.csv,21.9,0.7762557077625571,0.22374429223744285,0.8181818181818182,0.7888335408883355,L0,0.2
9523,rx01,indoor_open,3,L2,-67.76471,17,summary_indoor_open_3m_L2.csv,21.9,0.7762557077625571,0.22374429223744285,0.8253118181818184,0.7909725408883355,L0,0.2
9524,rx01,indoor_open,3,L2,-68.25,20,summary_indoor_open_3m_L2.csv,21.9,0.9132420091324202,0.08675799086757985,0.8106060606060606,0.8824512245745122,L0,0.2
9525,rx01,indoor_open,3,L2,-68.1,10,summary_indoor_open_3m_L2.csv,21.9,0.4566210045662101,0.54337899543379,0.8151515151515153,0.5641801577418015,L2,0.6
9529,rx01,indoor_open,3,L2,-68.0,7,summary_indoor_open_3m_L2.csv,21.9,0.31963470319634707,0.6803652968036529,0.8181818181818182,0.4691988376919884,L2,0.6
9530,rx01,indoor_open,3,L2,-67.5,18,summary_indoor_open_3m_L2.csv,21.9,0.8219178082191781,0.17808219178082185,0.8333333333333334,0.8253424657534246,L0,0.2
9531,rx01,indoor_open,3,L2,-67.5,16,summary_indoor_open_3m_L2.csv,21.9,0.7305936073059361,0.26940639269406386,0.8333333333333334,0.7614155251141552,L0,0.2
9532,rx01,indoor_open,3,L2,-68.25,20,summary_indoor_open_3m_L2.csv,21.9,0.9132420091324202,0.08675799086757985,0.8106060606060606,0.8824512245745122,L0,0.2
9533,rx01,indoor_open,3,L2,-68.93333,15,summary_indoor_open_3m_L2.csv,21.9,0.6849315068493151,0.31506849315068486,0.7898990909090909,0.7164217820672478,L0,0.2
9534,rx01,indoor_open,3,L2,-67.86667,15,summary_indoor_open_3m_L2.csv,21.9,0.6849315068493151,0.31506849315068486,0.8222221212121212,0.726118691158157,L0,0.2
9535,rx01,indoor_open,3,L2,-67.7,10,summary_indoor_open_3m_L2.csv,21.9,0.4566210045662101,0.54337899543379,0.8272727272727272,0.5678165213781652,L2,0.6
9539,rx01,indoor_open,3,L2,-69.14286,7,summary_indoor_open_3m_L2.csv,21.9,0.31963470319634707,0.6803652968036529,0.783549696969697,0.458809201328352,L2,0.6
9540,rx01,indoor_open,3,L2,-67.21739,23,summary_indoor_open_3m_L2.csv,21.9,1.0,0.0,0.8418972727272729,0.9525691818181818,L0,0.2
9541,rx01,indoor_open,3,L2,-67.82353,17,summary_indoor_open_3m_L2.csv,21.9,0.7762557077625571,0.22374429223744285,0.8235293939393937,0.790437813615608,L0,0.2
9542,rx01,indoor_open,3,L2,-67.57143,21,summary_indoor_open_3m_L2.csv,21.9,0.9589041095890412,0.041095890410958846,0.8311687878787877,0.9205835130759651,L0,0.2
9543,rx01,indoor_open,3,L2,-68.63158,19,summary_indoor_open_3m_L2.csv,21.9,0.8675799086757991,0.13242009132420085,0.7990430303030304,0.8470188451639684,L0,0.2
9544,rx01,indoor_open,3,L2,-68.0,16,summary_indoor_open_3m_L2.csv,21.9,0.7305936073059361,0.26940639269406386,0.8181818181818182,0.7568700705687007,L0,0.2
9545,rx01,indoor_open,3,L2,-68.23077,13,summary_indoor_open_3m_L2.csv,21.9,0.5936073059360731,0.40639269406392686,0.8111887878787877,0.6588817505188875,L1,0.4
11895,rx01,indoor_open,5,L0,-89.75,4,summary_indoor_open_5m_L0.csv,15.0,0.26666666666666666,0.7333333333333334,0.1590909090909091,0.23439393939393938,L2,0.6
11896,rx01,indoor_open,5,L0,-90.85714,7,summary_indoor_open_5m_L0.csv,15.0,0.4666666666666667,0.5333333333333333,0.12554121212121208,0.36432903030303027,L2,0.6
11897,rx01,indoor_open,5,L0,-87.25,4,summary_indoor_open_5m_L0.csv,15.0,0.26666666666666666,0.7333333333333334,0.23484848484848486,0.2571212121212121,L2,0.6
11898,rx01,indoor_open,5,L0,-94.5,2,summary_indoor_open_5m_L0.csv,15.0,0.13333333333333333,0.8666666666666667,0.015151515151515152,0.09787878787878787,L2,0.6
11899,rx01,indoor_open,5,L0,-89.00001,1,summary_indoor_open_5m_L0.csv,15.0,0.06666666666666667,0.9333333333333333,0.1818178787878787,0.10121203030303028,L2,0.6
11900,rx01,indoor_open,5,L0,-91.75,4,summary_indoor_open_5m_L0.csv,15.0,0.26666666666666666,0.7333333333333334,0.09848484848484848,0.2162121212121212,L2,0.6
11901,rx01,indoor_open,5,L0,-90.66667,3,summary_indoor_open_5m_L0.csv,15.0,0.2,0.8,0.1313130303030304,0.1793939090909091,L2,0.6
11902,rx01,indoor_open,5,L0,-90.25001,4,summary_indoor_open_5m_L0.csv,15.0,0.26666666666666666,0.7333333333333334,0.14393909090909082,0.22984839393939388,L2,0.6
11904,rx01,indoor_open,5,L0,-94.00001,2,summary_indoor_open_5m_L0.csv,15.0,0.13333333333333333,0.8666666666666667,0.030302727272727176,0.10242415151515148,L2,0.6
11905,rx01,indoor_open,5,L0,-92.0,2,summary_indoor_open_5m_L0.csv,15.0,0.13333333333333333,0.8666666666666667,0.09090909090909091,0.12060606060606059,L2,0.6
11907,rx01,indoor_open,5,L0,-95.0,2,summary_indoor_open_5m_L0.csv,15.0,0.13333333333333333,0.8666666666666667,0.0,0.09333333333333332,L2,0.6
11908,rx01,indoor_open,5,L0,-93.0,2,summary_indoor_open_5m_L0.csv,15.0,0.13333333333333333,0.8666666666666667,0.06060606060606061,0.11151515151515151,L2,0.6
11909,rx01,indoor_open,5,L0,-93.5,2,summary_indoor_open_5m_L0.csv,15.0,0.13333333333333333,0.8666666666666667,0.045454545454545456,0.10696969696969696,L2,0.6
11911,rx01,indoor_open,5,L0,-92.0,1,summary_indoor_open_5m_L0.csv,15.0,0.06666666666666667,0.9333333333333333,0.09090909090909091,0.07393939393939393,L2,0.6
11912,rx01,indoor_open,5,L0,-91.0,1,summary_indoor_open_5m_L0.csv,15.0,0.06666666666666667,0.9333333333333333,0.12121212121212122,0.08303030303030302,L2,0.6
11913,rx01,indoor_open,5,L0,-93.0,1,summary_indoor_open_5m_L0.csv,15.0,0.06666666666666667,0.9333333333333333,0.06060606060606061,0.06484848484848485,L2,0.6
11914,rx01,indoor_open,5,L0,-94.00001,2,summary_indoor_open_5m_L0.csv,15.0,0.13333333333333333,0.8666666666666667,0.030302727272727176,0.10242415151515148,L2,0.6
11916,rx01,indoor_open,5,L0,-90.75,4,summary_indoor_open_5m_L0.csv,15.0,0.26666666666666666,0.7333333333333334,0.12878787878787878,0.22530303030303028,L2,0.6
11917,rx01,indoor_open,5,L0,-91.0,2,summary_indoor_open_5m_L0.csv,15.0,0.13333333333333333,0.8666666666666667,0.12121212121212122,0.1296969696969697,L2,0.6
11918,rx01,indoor_open,5,L0,-90.0,5,summary_indoor_open_5m_L0.csv,15.0,0.3333333333333333,0.6666666666666667,0.15151515151515152,0.27878787878787875,L2,0.6
11919,rx01,indoor_open,5,L0,-90.6,5,summary_indoor_open_5m_L0.csv,15.0,0.3333333333333333,0.6666666666666667,0.1333333333333335,0.2733333333333334,L2,0.6
11920,rx01,indoor_open,5,L0,-92.0,2,summary_indoor_open_5m_L0.csv,15.0,0.13333333333333333,0.8666666666666667,0.09090909090909091,0.12060606060606059,L2,0.6
11921,rx01,indoor_open,5,L0,-95.0,1,summary_indoor_open_5m_L0.csv,15.0,0.06666666666666667,0.9333333333333333,0.0,0.04666666666666666,L2,0.6
11922,rx01,indoor_open,5,L0,-88.0,1,summary_indoor_open_5m_L0.csv,15.0,0.06666666666666667,0.9333333333333333,0.21212121212121213,0.11030303030303029,L2,0.6
11923,rx01,indoor_open,5,L0,-90.16666,6,summary_indoor_open_5m_L0.csv,15.0,0.4,0.6,0.1464648484848487,0.3239394545454546,L2,0.6
11924,rx01,indoor_open,5,L0,-89.5,4,summary_indoor_open_5m_L0.csv,15.0,0.26666666666666666,0.7333333333333334,0.16666666666666666,0.23666666666666664,L2,0.6
11925,rx01,indoor_open,5,L0,-91.0,2,summary_indoor_open_5m_L0.csv,15.0,0.13333333333333333,0.8666666666666667,0.12121212121212122,0.1296969696969697,L2,0.6
11926,rx01,indoor_open,5,L0,-91.0,3,summary_indoor_open_5m_L0.csv,15.0,0.2,0.8,0.12121212121212122,0.17636363636363633,L2,0.6
11927,rx01,indoor_open,5,L0,-92.0,4,summary_indoor_open_5m_L0.csv,15.0,0.26666666666666666,0.7333333333333334,0.09090909090909091,0.21393939393939393,L2,0.6
11928,rx01,indoor_open,5,L0,-89.00001,1,summary_indoor_open_5m_L0.csv,15.0,0.06666666666666667,0.9333333333333333,0.1818178787878787,0.10121203030303028,L2,0.6
11929,rx01,indoor_open,5,L0,-91.42858,7,summary_indoor_open_5m_L0.csv,15.0,0.4666666666666667,0.5333333333333333,0.10822484848484859,0.35913412121212124,L2,0.6
11930,rx01,indoor_open,5,L0,-90.33334,3,summary_indoor_open_5m_L0.csv,15.0,0.2,0.8,0.14141393939393918,0.18242418181818174,L2,0.6
11931,rx01,indoor_open,5,L0,-90.4,5,summary_indoor_open_5m_L0.csv,15.0,0.3333333333333333,0.6666666666666667,0.1393939393939392,0.2751515151515151,L2,0.6
11932,rx01,indoor_open,5,L0,-92.25,4,summary_indoor_open_5m_L0.csv,15.0,0.26666666666666666,0.7333333333333334,0.08333333333333333,0.21166666666666664,L2,0.6
11933,rx01,indoor_open,5,L0,-89.8,5,summary_indoor_open_5m_L0.csv,15.0,0.3333333333333333,0.6666666666666667,0.15757575757575767,0.28060606060606064,L2,0.6
11934,rx01,indoor_open,5,L0,-90.80001,5,summary_indoor_open_5m_L0.csv,15.0,0.3333333333333333,0.6666666666666667,0.12727242424242424,0.27151506060606057,L2,0.6
11935,rx01,indoor_open,5,L0,-91.50001,2,summary_indoor_open_5m_L0.csv,15.0,0.13333333333333333,0.8666666666666667,0.10606030303030294,0.1251514242424242,L2,0.6
11936,rx01,indoor_open,5,L0,-89.5,4,summary_indoor_open_5m_L0.csv,15.0,0.26666666666666666,0.7333333333333334,0.16666666666666666,0.23666666666666664,L2,0.6
11937,rx01,indoor_open,5,L0,-91.66667,3,summary_indoor_open_5m_L0.csv,15.0,0.2,0.8,0.10101000000000011,0.170303,L2,0.6
11938,rx01,indoor_open,5,L0,-91.66667,6,summary_indoor_open_5m_L0.csv,15.0,0.4,0.6,0.10101000000000011,0.310303,L2,0.6
11939,rx01,indoor_open,5,L0,-92.0,7,summary_indoor_open_5m_L0.csv,15.0,0.4666666666666667,0.5333333333333333,0.09090909090909091,0.35393939393939394,L2,0.6
11940,rx01,indoor_open,5,L0,-93.0,3,summary_indoor_open_5m_L0.csv,15.0,0.2,0.8,0.06060606060606061,0.15818181818181817,L2,0.6
11942,rx01,indoor_open,5,L0,-93.0,2,summary_indoor_open_5m_L0.csv,15.0,0.13333333333333333,0.8666666666666667,0.06060606060606061,0.11151515151515151,L2,0.6
11943,rx01,indoor_open,5,L0,-92.0,2,summary_indoor_open_5m_L0.csv,15.0,0.13333333333333333,0.8666666666666667,0.09090909090909091,0.12060606060606059,L2,0.6
11944,rx01,indoor_open,5,L0,-92.66666,3,summary_indoor_open_5m_L0.csv,15.0,0.2,0.8,0.07070727272727294,0.16121218181818187,L2,0.6
11945,rx01,indoor_open,5,L0,-92.0,2,summary_indoor_open_5m_L0.csv,15.0,0.13333333333333333,0.8666666666666667,0.09090909090909091,0.12060606060606059,L2,0.6
11946,rx01,indoor_open,5,L0,-90.0,1,summary_indoor_open_5m_L0.csv,15.0,0.06666666666666667,0.9333333333333333,0.15151515151515152,0.09212121212121212,L2,0.6
11947,rx01,indoor_open,5,L0,-90.5,4,summary_indoor_open_5m_L0.csv,15.0,0.26666666666666666,0.7333333333333334,0.13636363636363635,0.22757575757575754,L2,0.6
11948,rx01,indoor_open,5,L0,-91.50001,4,summary_indoor_open_5m_L0.csv,15.0,0.26666666666666666,0.7333333333333334,0.10606030303030294,0.21848475757575753,L2,0.6
11949,rx01,indoor_open,5,L0,-89.5,2,summary_indoor_open_5m_L0.csv,15.0,0.13333333333333333,0.8666666666666667,0.16666666666666666,0.1433333333333333,L2,0.6
11950,rx01,indoor_open,5,L0,-88.5,2,summary_indoor_open_5m_L0.csv,15.0,0.13333333333333333,0.8666666666666667,0.19696969696969696,0.1524242424242424,L2,0.6
11951,rx01,indoor_open,5,L0,-89.00001,1,summary_indoor_open_5m_L0.csv,15.0,0.06666666666666667,0.9333333333333333,0.1818178787878787,0.10121203030303028,L2,0.6
11952,rx01,indoor_open,5,L0,-90.0,3,summary_indoor_open_5m_L0.csv,15.0,0.2,0.8,0.15151515151515152,0.18545454545454543,L2,0.6
11953,rx01,indoor_open,5,L0,-89.75,4,summary_indoor_open_5m_L0.csv,15.0,0.26666666666666666,0.7333333333333334,0.1590909090909091,0.23439393939393938,L2,0.6
11954,rx01,indoor_open,5,L0,-90.0,4,summary_indoor_open_5m_L0.csv,15.0,0.26666666666666666,0.7333333333333334,0.15151515151515152,0.23212121212121212,L2,0.6
11955,rx01,indoor_open,5,L0,-90.4,5,summary_indoor_open_5m_L0.csv,15.0,0.3333333333333333,0.6666666666666667,0.1393939393939392,0.2751515151515151,L2,0.6
11956,rx01,indoor_open,5,L0,-91.50001,2,summary_indoor_open_5m_L0.csv,15.0,0.13333333333333333,0.8666666666666667,0.10606030303030294,0.1251514242424242,L2,0.6
11957,rx01,indoor_open,5,L0,-92.0,3,summary_indoor_open_5m_L0.csv,15.0,0.2,0.8,0.09090909090909091,0.16727272727272727,L2,0.6
11958,rx01,indoor_open,5,L0,-90.25001,4,summary_indoor_open_5m_L0.csv,15.0,0.26666666666666666,0.7333333333333334,0.14393909090909082,0.22984839393939388,L2,0.6
11959,rx01,indoor_open,5,L0,-89.75,4,summary_indoor_open_5m_L0.csv,15.0,0.26666666666666666,0.7333333333333334,0.1590909090909091,0.23439393939393938,L2,0.6
11960,rx01,indoor_open,5,L0,-91.66667,3,summary_indoor_open_5m_L0.csv,15.0,0.2,0.8,0.10101000000000011,0.170303,L2,0.6
11961,rx01,indoor_open,5,L0,-91.0,3,summary_indoor_open_5m_L0.csv,15.0,0.2,0.8,0.12121212121212122,0.17636363636363633,L2,0.6
11962,rx01,indoor_open,5,L0,-89.5,2,summary_indoor_open_5m_L0.csv,15.0,0.13333333333333333,0.8666666666666667,0.16666666666666666,0.1433333333333333,L2,0.6
11963,rx01,indoor_open,5,L0,-93.0,3,summary_indoor_open_5m_L0.csv,15.0,0.2,0.8,0.06060606060606061,0.15818181818181817,L2,0.6
11964,rx01,indoor_open,5,L0,-92.0,2,summary_indoor_open_5m_L0.csv,15.0,0.13333333333333333,0.8666666666666667,0.09090909090909091,0.12060606060606059,L2,0.6
11965,rx01,indoor_open,5,L0,-93.0,1,summary_indoor_open_5m_L0.csv,15.0,0.06666666666666667,0.9333333333333333,0.06060606060606061,0.06484848484848485,L2,0.6
11966,rx01,indoor_open,5,L0,-92.0,4,summary_indoor_open_5m_L0.csv,15.0,0.26666666666666666,0.7333333333333334,0.09090909090909091,0.21393939393939393,L2,0.6
11967,rx01,indoor_open,5,L0,-91.0,1,summary_indoor_open_5m_L0.csv,15.0,0.06666666666666667,0.9333333333333333,0.12121212121212122,0.08303030303030302,L2,0.6
11968,rx01,indoor_open,5,L0,-92.0,2,summary_indoor_open_5m_L0.csv,15.0,0.13333333333333333,0.8666666666666667,0.09090909090909091,0.12060606060606059,L2,0.6
11969,rx01,indoor_open,5,L0,-92.0,5,summary_indoor_open_5m_L0.csv,15.0,0.3333333333333333,0.6666666666666667,0.09090909090909091,0.26060606060606056,L2,0.6
11970,rx01,indoor_open,5,L0,-90.80001,5,summary_indoor_open_5m_L0.csv,15.0,0.3333333333333333,0.6666666666666667,0.12727242424242424,0.27151506060606057,L2,0.6
11971,rx01,indoor_open,5,L0,-93.0,3,summary_indoor_open_5m_L0.csv,15.0,0.2,0.8,0.06060606060606061,0.15818181818181817,L2,0.6
11972,rx01,indoor_open,5,L0,-93.0,2,summary_indoor_open_5m_L0.csv,15.0,0.13333333333333333,0.8666666666666667,0.06060606060606061,0.11151515151515151,L2,0.6
11973,rx01,indoor_open,5,L0,-92.0,1,summary_indoor_open_5m_L0.csv,15.0,0.06666666666666667,0.9333333333333333,0.09090909090909091,0.07393939393939393,L2,0.6
11974,rx01,indoor_open,5,L0,-92.33334,3,summary_indoor_open_5m_L0.csv,15.0,0.2,0.8,0.08080787878787858,0.16424236363636355,L2,0.6
11975,rx01,indoor_open,5,L0,-92.5,2,summary_indoor_open_5m_L0.csv,15.0,0.13333333333333333,0.8666666666666667,0.07575757575757576,0.11606060606060606,L2,0.6
11976,rx01,indoor_open,5,L0,-91.33334,3,summary_indoor_open_5m_L0.csv,15.0,0.2,0.8,0.11111090909090889,0.17333327272727264,L2,0.6
11978,rx01,indoor_open,5,L0,-92.40001,5,summary_indoor_open_5m_L0.csv,15.0,0.3333333333333333,0.6666666666666667,0.07878757575757592,0.2569696060606061,L2,0.6
9897,rx01,indoor_open,5,L1,-75.75,8,summary_indoor_open_5m_L1.csv,15.0,0.5333333333333333,0.4666666666666667,0.5833333333333334,0.5483333333333333,L2,0.6
9898,rx01,indoor_open,5,L1,-75.77778,9,summary_indoor_open_5m_L1.csv,15.0,0.6,0.4,0.582491515151515,0.5947474545454545,L1,0.4
9899,rx01,indoor_open,5,L1,-78.0,5,summary_indoor_open_5m_L1.csv,15.0,0.3333333333333333,0.6666666666666667,0.5151515151515151,0.3878787878787878,L2,0.6
9905,rx01,indoor_open,5,L1,-78.28571,7,summary_indoor_open_5m_L1.csv,15.0,0.4666666666666667,0.5333333333333333,0.5064936363636365,0.4786147575757576,L2,0.6
9906,rx01,indoor_open,5,L1,-75.16666,12,summary_indoor_open_5m_L1.csv,15.0,0.8,0.19999999999999996,0.6010103030303032,0.7403030909090909,L0,0.2
9907,rx01,indoor_open,5,L1,-76.875,8,summary_indoor_open_5m_L1.csv,15.0,0.5333333333333333,0.4666666666666667,0.5492424242424242,0.5381060606060606,L2,0.6
9908,rx01,indoor_open,5,L1,-74.38461,13,summary_indoor_open_5m_L1.csv,15.0,0.8666666666666667,0.1333333333333333,0.624708787878788,0.794079303030303,L0,0.2
9909,rx01,indoor_open,5,L1,-74.25,4,summary_indoor_open_5m_L1.csv,15.0,0.26666666666666666,0.7333333333333334,0.6287878787878788,0.37530303030303025,L2,0.6
9915,rx01,indoor_open,5,L1,-74.625,8,summary_indoor_open_5m_L1.csv,15.0,0.5333333333333333,0.4666666666666667,0.6174242424242424,0.558560606060606,L2,0.6
9916,rx01,indoor_open,5,L1,-74.53846,13,summary_indoor_open_5m_L1.csv,15.0,0.8666666666666667,0.1333333333333333,0.6200466666666666,0.7926806666666667,L0,0.2
9917,rx01,indoor_open,5,L1,-75.125,8,summary_indoor_open_5m_L1.csv,15.0,0.5333333333333333,0.4666666666666667,0.6022727272727273,0.5540151515151515,L2,0.6
9918,rx01,indoor_open,5,L1,-75.2,10,summary_indoor_open_5m_L1.csv,15.0,0.6666666666666666,0.33333333333333337,0.5999999999999999,0.6466666666666666,L1,0.4
9919,rx01,indoor_open,5,L1,-77.22222,9,summary_indoor_open_5m_L1.csv,15.0,0.6,0.4,0.5387206060606062,0.5816161818181819,L1,0.4
9925,rx01,indoor_open,5,L1,-76.6,5,summary_indoor_open_5m_L1.csv,15.0,0.3333333333333333,0.6666666666666667,0.5575757575757577,0.40060606060606063,L2,0.6
9926,rx01,indoor_open,5,L1,-77.41666,12,summary_indoor_open_5m_L1.csv,15.0,0.8,0.19999999999999996,0.5328284848484851,0.7198485454545455,L0,0.2
9927,rx01,indoor_open,5,L1,-76.92308,13,summary_indoor_open_5m_L1.csv,15.0,0.8666666666666667,0.1333333333333333,0.5477854545454546,0.771002303030303,L0,0.2
9928,rx01,indoor_open,5,L1,-77.3077,13,summary_indoor_open_5m_L1.csv,15.0,0.8666666666666667,0.1333333333333333,0.5361303030303031,0.7675057575757576,L0,0.2
9929,rx01,indoor_open,5,L1,-77.90909,11,summary_indoor_open_5m_L1.csv,15.0,0.7333333333333333,0.2666666666666667,0.5179063636363634,0.6687052424242423,L1,0.4
9935,rx01,indoor_open,5,L1,-77.66666,3,summary_indoor_open_5m_L1.csv,15.0,0.2,0.8,0.5252527272727274,0.2975758181818182,L2,0.6
9936,rx01,indoor_open,5,L1,-77.38461,13,summary_indoor_open_5m_L1.csv,15.0,0.8666666666666667,0.1333333333333333,0.5337996969696971,0.7668065757575758,L0,0.2
9937,rx01,indoor_open,5,L1,-76.54546,11,summary_indoor_open_5m_L1.csv,15.0,0.7333333333333333,0.2666666666666667,0.5592284848484846,0.6811018787878786,L1,0.4
9938,rx01,indoor_open,5,L1,-76.53846,13,summary_indoor_open_5m_L1.csv,15.0,0.8666666666666667,0.1333333333333333,0.5594406060606061,0.7744988484848485,L0,0.2
9939,rx01,indoor_open,5,L1,-75.4,5,summary_indoor_open_5m_L1.csv,15.0,0.3333333333333333,0.6666666666666667,0.5939393939393938,0.41151515151515144,L2,0.6
9945,rx01,indoor_open,5,L1,-74.5,4,summary_indoor_open_5m_L1.csv,15.0,0.26666666666666666,0.7333333333333334,0.6212121212121212,0.37303030303030305,L2,0.6
9946,rx01,indoor_open,5,L1,-76.57143,14,summary_indoor_open_5m_L1.csv,15.0,0.9333333333333333,0.06666666666666665,0.558441515151515,0.8208657878787878,L0,0.2
9947,rx01,indoor_open,5,L1,-76.83334,18,summary_indoor_open_5m_L1.csv,15.0,1.0,0.0,0.5505048484848483,0.8651514545454544,L0,0.2
9948,rx01,indoor_open,5,L1,-76.91667,12,summary_indoor_open_5m_L1.csv,15.0,0.8,0.19999999999999996,0.5479796969696971,0.7243939090909091,L0,0.2
9949,rx01,indoor_open,5,L1,-76.33334,6,summary_indoor_open_5m_L1.csv,15.0,0.4,0.6,0.5656563636363634,0.449696909090909,L2,0.6
9955,rx01,indoor_open,5,L1,-78.80001,5,summary_indoor_open_5m_L1.csv,15.0,0.3333333333333333,0.6666666666666667,0.4909087878787879,0.3806059696969697,L2,0.6
9956,rx01,indoor_open,5,L1,-77.46667,15,summary_indoor_open_5m_L1.csv,15.0,1.0,0.0,0.5313130303030305,0.8593939090909091,L0,0.2
9957,rx01,indoor_open,5,L1,-76.53846,13,summary_indoor_open_5m_L1.csv,15.0,0.8666666666666667,0.1333333333333333,0.5594406060606061,0.7744988484848485,L0,0.2
9958,rx01,indoor_open,5,L1,-78.61539,13,summary_indoor_open_5m_L1.csv,15.0,0.8666666666666667,0.1333333333333333,0.4965033333333332,0.7556176666666666,L0,0.2
9959,rx01,indoor_open,5,L1,-77.33334,6,summary_indoor_open_5m_L1.csv,15.0,0.4,0.6,0.5353533333333331,0.44060599999999994,L2,0.6
9965,rx01,indoor_open,5,L1,-76.0,6,summary_indoor_open_5m_L1.csv,15.0,0.4,0.6,0.5757575757575758,0.4527272727272727,L2,0.6
9966,rx01,indoor_open,5,L1,-77.0,12,summary_indoor_open_5m_L1.csv,15.0,0.8,0.19999999999999996,0.5454545454545454,0.7236363636363635,L0,0.2
9967,rx01,indoor_open,5,L1,-76.15385,13,summary_indoor_open_5m_L1.csv,15.0,0.8666666666666667,0.1333333333333333,0.5710954545454544,0.7779953030303031,L0,0.2
9968,rx01,indoor_open,5,L1,-75.35714,14,summary_indoor_open_5m_L1.csv,15.0,0.9333333333333333,0.06666666666666665,0.5952381818181818,0.8319047878787879,L0,0.2
9969,rx01,indoor_open,5,L1,-76.16666,6,summary_indoor_open_5m_L1.csv,15.0,0.4,0.6,0.570707272727273,0.45121218181818185,L2,0.6
9975,rx01,indoor_open,5,L1,-77.66666,3,summary_indoor_open_5m_L1.csv,15.0,0.2,0.8,0.5252527272727274,0.2975758181818182,L2,0.6
9976,rx01,indoor_open,5,L1,-77.09524,21,summary_indoor_open_5m_L1.csv,15.0,1.0,0.0,0.5425684848484847,0.8627705454545453,L0,0.2
9977,rx01,indoor_open,5,L1,-77.8125,16,summary_indoor_open_5m_L1.csv,15.0,1.0,0.0,0.5208333333333334,0.85625,L0,0.2
9978,rx01,indoor_open,5,L1,-77.06666,15,summary_indoor_open_5m_L1.csv,15.0,1.0,0.0,0.5434345454545455,0.8630303636363637,L0,0.2
9979,rx01,indoor_open,5,L1,-78.66666,9,summary_indoor_open_5m_L1.csv,15.0,0.6,0.4,0.49494969696969715,0.5684849090909091,L2,0.6
10052,rx01,indoor_open,5,L2,-76.22222,9,summary_indoor_open_5m_L2.csv,15.0,0.6,0.4,0.5690236363636366,0.590707090909091,L1,0.4
10053,rx01,indoor_open,5,L2,-76.5,16,summary_indoor_open_5m_L2.csv,15.0,1.0,0.0,0.5606060606060606,0.8681818181818182,L0,0.2
10054,rx01,indoor_open,5,L2,-75.83333,12,summary_indoor_open_5m_L2.csv,15.0,0.8,0.19999999999999996,0.5808081818181817,0.7342424545454544,L0,0.2
10055,rx01,indoor_open,5,L2,-75.83333,12,summary_indoor_open_5m_L2.csv,15.0,0.8,0.19999999999999996,0.5808081818181817,0.7342424545454544,L0,0.2
10056,rx01,indoor_open,5,L2,-77.125,8,summary_indoor_open_5m_L2.csv,15.0,0.5333333333333333,0.4666666666666667,0.5416666666666666,0.5358333333333333,L2,0.6
10060,rx01,indoor_open,5,L2,-75.33334,9,summary_indoor_open_5m_L2.csv,15.0,0.6,0.4,0.5959593939393937,0.598787818181818,L1,0.4
10061,rx01,indoor_open,5,L2,-76.75,16,summary_indoor_open_5m_L2.csv,15.0,1.0,0.0,0.553030303030303,0.8659090909090909,L0,0.2
10062,rx01,indoor_open,5,L2,-76.33334,12,summary_indoor_open_5m_L2.csv,15.0,0.8,0.19999999999999996,0.5656563636363634,0.7296969090909089,L0,0.2
10063,rx01,indoor_open,5,L2,-76.85714,14,summary_indoor_open_5m_L2.csv,15.0,0.9333333333333333,0.06666666666666665,0.5497836363636364,0.8182684242424242,L0,0.2
10064,rx01,indoor_open,5,L2,-77.3077,13,summary_indoor_open_5m_L2.csv,15.0,0.8666666666666667,0.1333333333333333,0.5361303030303031,0.7675057575757576,L0,0.2
10065,rx01,indoor_open,5,L2,-76.63636,11,summary_indoor_open_5m_L2.csv,15.0,0.7333333333333333,0.2666666666666667,0.5564739393939395,0.6802755151515152,L1,0.4
10066,rx01,indoor_open,5,L2,-76.75,8,summary_indoor_open_5m_L2.csv,15.0,0.5333333333333333,0.4666666666666667,0.553030303030303,0.5392424242424242,L2,0.6
10070,rx01,indoor_open,5,L2,-75.5,12,summary_indoor_open_5m_L2.csv,15.0,0.8,0.19999999999999996,0.5909090909090909,0.7372727272727272,L0,0.2
10071,rx01,indoor_open,5,L2,-76.4,15,summary_indoor_open_5m_L2.csv,15.0,1.0,0.0,0.5636363636363635,0.869090909090909,L0,0.2
10072,rx01,indoor_open,5,L2,-77.3,10,summary_indoor_open_5m_L2.csv,15.0,0.6666666666666666,0.33333333333333337,0.5363636363636365,0.6275757575757576,L1,0.4
10073,rx01,indoor_open,5,L2,-76.93334,15,summary_indoor_open_5m_L2.csv,15.0,1.0,0.0,0.5474745454545454,0.8642423636363636,L0,0.2
10074,rx01,indoor_open,5,L2,-76.66667,9,summary_indoor_open_5m_L2.csv,15.0,0.6,0.4,0.5555554545454546,0.5866666363636364,L1,0.4
10075,rx01,indoor_open,5,L2,-75.90909,11,summary_indoor_open_5m_L2.csv,15.0,0.7333333333333333,0.2666666666666667,0.5785124242424241,0.6868870606060605,L1,0.4
10076,rx01,indoor_open,5,L2,-76.0,8,summary_indoor_open_5m_L2.csv,15.0,0.5333333333333333,0.4666666666666667,0.5757575757575758,0.546060606060606,L2,0.6
10080,rx01,indoor_open,5,L2,-76.2,5,summary_indoor_open_5m_L2.csv,15.0,0.3333333333333333,0.6666666666666667,0.5696969696969696,0.4042424242424242,L2,0.6
10081,rx01,indoor_open,5,L2,-77.61905,21,summary_indoor_open_5m_L2.csv,15.0,1.0,0.0,0.5266954545454545,0.8580086363636363,L0,0.2
10082,rx01,indoor_open,5,L2,-76.22222,9,summary_indoor_open_5m_L2.csv,15.0,0.6,0.4,0.5690236363636366,0.590707090909091,L1,0.4
10083,rx01,indoor_open,5,L2,-76.28572,14,summary_indoor_open_5m_L2.csv,15.0,0.9333333333333333,0.06666666666666665,0.567099393939394,0.8234631515151515,L0,0.2
10084,rx01,indoor_open,5,L2,-75.71429,14,summary_indoor_open_5m_L2.csv,15.0,0.9333333333333333,0.06666666666666665,0.5844154545454544,0.8286579696969696,L0,0.2
10085,rx01,indoor_open,5,L2,-76.5,12,summary_indoor_open_5m_L2.csv,15.0,0.8,0.19999999999999996,0.5606060606060606,0.728181818181818,L0,0.2
10086,rx01,indoor_open,5,L2,-77.25,8,summary_indoor_open_5m_L2.csv,15.0,0.5333333333333333,0.4666666666666667,0.5378787878787878,0.5346969696969697,L2,0.6
10090,rx01,indoor_open,5,L2,-76.66667,6,summary_indoor_open_5m_L2.csv,15.0,0.4,0.6,0.5555554545454546,0.44666663636363635,L2,0.6
10091,rx01,indoor_open,5,L2,-77.0625,16,summary_indoor_open_5m_L2.csv,15.0,1.0,0.0,0.5435606060606061,0.8630681818181818,L0,0.2
10092,rx01,indoor_open,5,L2,-76.75,12,summary_indoor_open_5m_L2.csv,15.0,0.8,0.19999999999999996,0.553030303030303,0.7259090909090908,L0,0.2
10093,rx01,indoor_open,5,L2,-75.125,8,summary_indoor_open_5m_L2.csv,15.0,0.5333333333333333,0.4666666666666667,0.6022727272727273,0.5540151515151515,L2,0.6
10094,rx01,indoor_open,5,L2,-75.875,8,summary_indoor_open_5m_L2.csv,15.0,0.5333333333333333,0.4666666666666667,0.5795454545454546,0.5471969696969696,L2,0.6
10095,rx01,indoor_open,5,L2,-76.33334,12,summary_indoor_open_5m_L2.csv,15.0,0.8,0.19999999999999996,0.5656563636363634,0.7296969090909089,L0,0.2
10096,rx01,indoor_open,5,L2,-75.4,5,summary_indoor_open_5m_L2.csv,15.0,0.3333333333333333,0.6666666666666667,0.5939393939393938,0.41151515151515144,L2,0.6
10100,rx01,indoor_open,5,L2,-77.0,8,summary_indoor_open_5m_L2.csv,15.0,0.5333333333333333,0.4666666666666667,0.5454545454545454,0.5369696969696969,L2,0.6
10101,rx01,indoor_open,5,L2,-76.90909,11,summary_indoor_open_5m_L2.csv,15.0,0.7333333333333333,0.2666666666666667,0.5482093939393937,0.6777961515151514,L1,0.4
10102,rx01,indoor_open,5,L2,-77.38461,13,summary_indoor_open_5m_L2.csv,15.0,0.8666666666666667,0.1333333333333333,0.5337996969696971,0.7668065757575758,L0,0.2
10103,rx01,indoor_open,5,L2,-77.94118,17,summary_indoor_open_5m_L2.csv,15.0,1.0,0.0,0.5169339393939393,0.8550801818181817,L0,0.2
10104,rx01,indoor_open,5,L2,-78.73333,15,summary_indoor_open_5m_L2.csv,15.0,1.0,0.0,0.4929293939393941,0.8478788181818182,L0,0.2
10105,rx01,indoor_open,5,L2,-78.0,15,summary_indoor_open_5m_L2.csv,15.0,1.0,0.0,0.5151515151515151,0.8545454545454545,L0,0.2
10106,rx01,indoor_open,5,L2,-76.77778,9,summary_indoor_open_5m_L2.csv,15.0,0.6,0.4,0.5521884848484846,0.5856565454545454,L1,0.4
10110,rx01,indoor_open,5,L2,-77.25,8,summary_indoor_open_5m_L2.csv,15.0,0.5333333333333333,0.4666666666666667,0.5378787878787878,0.5346969696969697,L2,0.6
10111,rx01,indoor_open,5,L2,-76.81818,11,summary_indoor_open_5m_L2.csv,15.0,0.7333333333333333,0.2666666666666667,0.5509642424242425,0.678622606060606,L1,0.4
10112,rx01,indoor_open,5,L2,-75.3,10,summary_indoor_open_5m_L2.csv,15.0,0.6666666666666666,0.33333333333333337,0.596969696969697,0.6457575757575758,L1,0.4
10113,rx01,indoor_open,5,L2,-76.4375,16,summary_indoor_open_5m_L2.csv,15.0,1.0,0.0,0.5625,0.8687499999999999,L0,0.2
10114,rx01,indoor_open,5,L2,-76.64286,14,summary_indoor_open_5m_L2.csv,15.0,0.9333333333333333,0.06666666666666665,0.5562769696969697,0.8202164242424242,L0,0.2
10115,rx01,indoor_open,5,L2,-76.84616,13,summary_indoor_open_5m_L2.csv,15.0,0.8666666666666667,0.1333333333333333,0.5501163636363637,0.7717015757575758,L0,0.2
10116,rx01,indoor_open,5,L2,-77.8,5,summary_indoor_open_5m_L2.csv,15.0,0.3333333333333333,0.6666666666666667,0.5212121212121213,0.3896969696969697,L2,0.6
10120,rx01,indoor_open,5,L2,-76.33334,6,summary_indoor_open_5m_L2.csv,15.0,0.4,0.6,0.5656563636363634,0.449696909090909,L2,0.6
10121,rx01,indoor_open,5,L2,-76.6,10,summary_indoor_open_5m_L2.csv,15.0,0.6666666666666666,0.33333333333333337,0.5575757575757577,0.6339393939393939,L1,0.4
10122,rx01,indoor_open,5,L2,-77.06666,15,summary_indoor_open_5m_L2.csv,15.0,1.0,0.0,0.5434345454545455,0.8630303636363637,L0,0.2
10123,rx01,indoor_open,5,L2,-76.78571,14,summary_indoor_open_5m_L2.csv,15.0,0.9333333333333333,0.06666666666666665,0.551948181818182,0.8189177878787879,L0,0.2
10124,rx01,indoor_open,5,L2,-77.06666,15,summary_indoor_open_5m_L2.csv,15.0,1.0,0.0,0.5434345454545455,0.8630303636363637,L0,0.2
10125,rx01,indoor_open,5,L2,-77.83334,12,summary_indoor_open_5m_L2.csv,15.0,0.8,0.19999999999999996,0.520201818181818,0.7160605454545453,L0,0.2
10126,rx01,indoor_open,5,L2,-76.83334,6,summary_indoor_open_5m_L2.csv,15.0,0.4,0.6,0.5505048484848483,0.44515145454545446,L2,0.6
10130,rx01,indoor_open,5,L2,-76.0,6,summary_indoor_open_5m_L2.csv,15.0,0.4,0.6,0.5757575757575758,0.4527272727272727,L2,0.6
10131,rx01,indoor_open,5,L2,-77.75,12,summary_indoor_open_5m_L2.csv,15.0,0.8,0.19999999999999996,0.5227272727272727,0.7168181818181818,L0,0.2
10132,rx01,indoor_open,5,L2,-78.69231,13,summary_indoor_open_5m_L2.csv,15.0,0.8666666666666667,0.1333333333333333,0.4941724242424241,0.754918393939394,L0,0.2
10133,rx01,indoor_open,5,L2,-78.46667,15,summary_indoor_open_5m_L2.csv,15.0,1.0,0.0,0.5010100000000002,0.850303,L0,0.2
10134,rx01,indoor_open,5,L2,-77.58334,12,summary_indoor_open_5m_L2.csv,15.0,0.8,0.19999999999999996,0.5277775757575756,0.7183332727272727,L0,0.2
10135,rx01,indoor_open,5,L2,-76.18182,11,summary_indoor_open_5m_L2.csv,15.0,0.7333333333333333,0.2666666666666667,0.5702478787878787,0.6844076969696969,L1,0.4
10136,rx01,indoor_open,5,L2,-78.5,6,summary_indoor_open_5m_L2.csv,15.0,0.4,0.6,0.5,0.42999999999999994,L2,0.6
